,score,num_params,num_trainable_params,timestamp,done,training_iteration,trial_id,date,time_this_iter_s,time_total_s,pid,hostname,node_ip,time_since_restore,iterations_since_restore,checkpoint_dir_name,config/batch_size,config/num_HL,config/down_HL,config/size_HL,config/latent_dim,config/opt_lr,config/opt_wd,logdir
0,-0.1,-1,-1,1697545946,False,1,36913424,2023-10-17_12-32-26,0.9982852935791016,0.9982852935791016,54453,1105bb7c0067,172.17.0.2,0.9982852935791016,1,,64,5,5,70,104,1.1732983748479515e-05,8.884353994998318e-06,36913424
1,-0.1,-1,-1,1697545946,False,1,0e7c449a,2023-10-17_12-32-26,0.3071596622467041,0.3071596622467041,54453,1105bb7c0067,172.17.0.2,0.3071596622467041,1,,32,3,4,116,66,1.561599845055045e-05,7.894873539955642e-06,0e7c449a
2,-0.1,-1,-1,1697545947,False,1,e1f431fb,2023-10-17_12-32-27,0.3132784366607666,0.3132784366607666,54453,1105bb7c0067,172.17.0.2,0.3132784366607666,1,,128,6,13,309,68,3.60265342315728e-05,7.569459544591064e-06,e1f431fb
3,-0.1,-1,-1,1697545947,False,1,5c554b3b,2023-10-17_12-32-27,0.32666969299316406,0.32666969299316406,54453,1105bb7c0067,172.17.0.2,0.32666969299316406,1,,32,7,15,312,235,3.256685619299354e-05,3.0542665704327447e-06,5c554b3b
4,-0.1,-1,-1,1697545947,False,1,e1b6ea2b,2023-10-17_12-32-27,0.33838391304016113,0.33838391304016113,54453,1105bb7c0067,172.17.0.2,0.33838391304016113,1,,128,3,2,267,215,2.9608245333182336e-05,1.923559707824518e-06,e1b6ea2b
5,-0.1,-1,-1,1697545948,False,1,37d40251,2023-10-17_12-32-28,0.3851969242095947,0.3851969242095947,54453,1105bb7c0067,172.17.0.2,0.3851969242095947,1,,32,3,17,189,191,0.00045993193338999785,3.1094298510351207e-06,37d40251
6,-0.1,-1,-1,1697545948,False,1,90871511,2023-10-17_12-32-28,0.3308582305908203,0.3308582305908203,54453,1105bb7c0067,172.17.0.2,0.3308582305908203,1,,32,7,8,37,250,0.00032835520183291525,7.861154563719716e-06,90871511
7,-0.1,-1,-1,1697545948,False,1,77dd7b34,2023-10-17_12-32-28,0.34047460556030273,0.34047460556030273,54453,1105bb7c0067,172.17.0.2,0.34047460556030273,1,,128,6,17,376,116,1.9220906061082484e-05,3.6243599552570708e-06,77dd7b34
8,-0.1,-1,-1,1697545950,False,1,d1940d30,2023-10-17_12-32-30,0.42105650901794434,0.42105650901794434,54453,1105bb7c0067,172.17.0.2,0.42105650901794434,1,,32,4,18,331,2,7.232230317667138e-05,2.96310531595545e-06,d1940d30
9,-0.1,-1,-1,1697545951,False,1,af5c9dbb,2023-10-17_12-32-31,0.5183749198913574,0.5183749198913574,54453,1105bb7c0067,172.17.0.2,0.5183749198913574,1,,128,6,12,64,138,0.00014243211131978258,8.227402356146728e-06,af5c9dbb
10,-0.1,-1,-1,1697545951,False,1,c25a62c4,2023-10-17_12-32-31,0.5475766658782959,0.5475766658782959,54453,1105bb7c0067,172.17.0.2,0.5475766658782959,1,,32,3,12,304,87,0.00019324668310613595,2.621926169464517e-06,c25a62c4
11,-0.1,-1,-1,1697545952,False,1,058b6571,2023-10-17_12-32-32,0.3520321846008301,0.3520321846008301,54453,1105bb7c0067,172.17.0.2,0.3520321846008301,1,,256,3,14,240,169,6.395296630431662e-05,7.378242625581504e-06,058b6571
12,-0.1,-1,-1,1697545952,False,1,747dafd2,2023-10-17_12-32-32,0.3447084426879883,0.3447084426879883,54453,1105bb7c0067,172.17.0.2,0.3447084426879883,1,,64,6,6,91,93,2.7878173161163393e-05,9.053118767333325e-07,747dafd2
13,-0.1,-1,-1,1697545953,False,1,5e12781a,2023-10-17_12-32-33,0.4098656177520752,0.4098656177520752,54453,1105bb7c0067,172.17.0.2,0.4098656177520752,1,,64,3,3,255,229,1.668558243107155e-05,2.6600752046758815e-06,5e12781a
14,-0.1,-1,-1,1697545954,False,1,c61da1b8,2023-10-17_12-32-34,0.3713545799255371,0.3713545799255371,54453,1105bb7c0067,172.17.0.2,0.3713545799255371,1,,128,5,10,320,138,5.292684035320516e-05,6.885642959258188e-07,c61da1b8
15,-0.1,-1,-1,1697545954,False,1,0246ccd5,2023-10-17_12-32-34,0.3355283737182617,0.3355283737182617,54453,1105bb7c0067,172.17.0.2,0.3355283737182617,1,,128,3,8,341,109,0.0007138066751841356,3.3898540264707282e-06,0246ccd5
16,-0.1,-1,-1,1697545955,False,1,b1e4e9f1,2023-10-17_12-32-35,0.36066555976867676,0.36066555976867676,54453,1105bb7c0067,172.17.0.2,0.36066555976867676,1,,256,5,9,325,121,0.0005667394748383008,9.779293836934582e-06,b1e4e9f1
17,-0.1,-1,-1,1697545955,False,1,29c3f3ab,2023-10-17_12-32-35,0.5162265300750732,0.5162265300750732,54453,1105bb7c0067,172.17.0.2,0.5162265300750732,1,,128,6,12,331,136,2.1302323606177818e-05,7.136250010016888e-07,29c3f3ab
18,-0.1,-1,-1,1697545955,False,1,12a4e4d6,2023-10-17_12-32-35,0.3594822883605957,0.3594822883605957,54453,1105bb7c0067,172.17.0.2,0.3594822883605957,1,,32,8,8,65,123,0.00015499155524923493,1.089557909256822e-06,12a4e4d6
19,-0.1,-1,-1,1697545956,False,1,b222251b,2023-10-17_12-32-36,0.3504362106323242,0.3504362106323242,54453,1105bb7c0067,172.17.0.2,0.3504362106323242,1,,64,6,7,296,101,2.1331333207615094e-05,3.180810380823073e-06,b222251b
20,-0.1,-1,-1,1697545956,False,1,da56dd1a,2023-10-17_12-32-36,0.3759171962738037,0.3759171962738037,54453,1105bb7c0067,172.17.0.2,0.3759171962738037,1,,64,4,5,172,29,1.0064130195896792e-05,5.719889849266947e-06,da56dd1a
21,-0.1,-1,-1,1697545957,False,1,6f1d0d6a,2023-10-17_12-32-37,0.33608293533325195,0.33608293533325195,54453,1105bb7c0067,172.17.0.2,0.33608293533325195,1,,64,8,5,145,161,0.0002315763023391335,4.8166013598477564e-06,6f1d0d6a
22,-0.1,-1,-1,1697545957,False,1,1c27d8ca,2023-10-17_12-32-37,0.405364990234375,0.405364990234375,54453,1105bb7c0067,172.17.0.2,0.405364990234375,1,,64,4,6,397,39,1.0248176419744357e-05,4.820661117319357e-06,1c27d8ca
23,-0.1,-1,-1,1697545957,False,1,a2ad3f63,2023-10-17_12-32-37,0.4300973415374756,0.4300973415374756,54453,1105bb7c0067,172.17.0.2,0.4300973415374756,1,,64,4,3,177,6,1.1114835297583232e-05,5.856622891566612e-06,a2ad3f63
24,-0.1,-1,-1,1697545960,False,1,567a09ca,2023-10-17_12-32-40,0.332503080368042,0.332503080368042,54453,1105bb7c0067,172.17.0.2,0.332503080368042,1,,64,8,2,138,170,0.00023640158703529534,9.9734983875914e-06,567a09ca
25,0.5593896713615023,-1,-1,1697546407,False,1,58590598,2023-10-17_12-40-07,446.7201724052429,446.7201724052429,54453,1105bb7c0067,172.17.0.2,446.7201724052429,1,,64,2,6,390,38,1.0133039038520591e-05,4.424746347839034e-06,58590598
26,-0.1,-1,-1,1697545970,False,1,085a89a9,2023-10-17_12-32-50,0.9199228286743164,0.9199228286743164,55318,1105bb7c0067,172.17.0.2,0.9199228286743164,1,,256,5,3,214,6,1.2078933178016003e-05,6.2416666388272626e-06,085a89a9
27,-0.1,-1,-1,1697545970,False,1,2f15748d,2023-10-17_12-32-50,0.3349266052246094,0.3349266052246094,55318,1105bb7c0067,172.17.0.2,0.3349266052246094,1,,64,7,2,23,188,9.873199637708534e-05,9.865422802670168e-06,2f15748d
28,0.5328638497652582,-1,-1,1697546065,False,1,dc9baf7d,2023-10-17_12-34-25,94.51744055747986,94.51744055747986,55318,1105bb7c0067,172.17.0.2,94.51744055747986,1,,64,2,4,123,69,0.0009175952743814808,8.957602822939904e-06,dc9baf7d
29,-0.1,-1,-1,1697545977,False,1,00f7f18a,2023-10-17_12-32-57,0.9072940349578857,0.9072940349578857,55447,1105bb7c0067,172.17.0.2,0.9072940349578857,1,,256,5,4,225,50,1.4163165200522988e-05,6.680657763558148e-06,00f7f18a
30,-0.1,-1,-1,1697545977,False,1,9ec529fe,2023-10-17_12-32-57,0.3018674850463867,0.3018674850463867,55447,1105bb7c0067,172.17.0.2,0.3018674850463867,1,,64,7,10,30,196,0.00010281802460391476,9.218569025412413e-06,9ec529fe
31,-0.1,-1,-1,1697545985,False,1,2069566a,2023-10-17_12-33-05,0.3432796001434326,0.3432796001434326,55575,1105bb7c0067,172.17.0.2,0.3432796001434326,1,,64,7,5,21,158,4.483411237916724e-05,8.674361110693104e-06,2069566a
32,-0.1,-1,-1,1697545985,False,1,87555eb5,2023-10-17_12-33-05,0.3131265640258789,0.3131265640258789,55447,1105bb7c0067,172.17.0.2,0.3131265640258789,1,,256,5,7,210,59,1.4473388376398104e-05,6.828713836371891e-06,87555eb5
33,-0.1,-1,-1,1697545986,False,1,79c7dcc7,2023-10-17_12-33-06,0.3252522945404053,0.3252522945404053,55447,1105bb7c0067,172.17.0.2,0.3252522945404053,1,,64,7,11,96,205,0.0001044424856384596,9.163598889276523e-06,79c7dcc7
34,-0.1,-1,-1,1697545986,False,1,05db0ffa,2023-10-17_12-33-06,0.3524191379547119,0.3524191379547119,55575,1105bb7c0067,172.17.0.2,0.3524191379547119,1,,64,7,14,46,247,9.024695309050981e-05,9.295240268040806e-06,05db0ffa
35,-0.1,-1,-1,1697545988,False,1,28b4f671,2023-10-17_12-33-08,0.3745391368865967,0.3745391368865967,55447,1105bb7c0067,172.17.0.2,0.3745391368865967,1,,256,4,7,198,69,3.8751772233273464e-05,7.230922167865378e-06,28b4f671
36,-0.1,-1,-1,1697545988,False,1,1640f1c4,2023-10-17_12-33-08,0.40699315071105957,0.40699315071105957,55575,1105bb7c0067,172.17.0.2,0.40699315071105957,1,,64,8,15,95,216,0.00030413764338748945,8.638730739670182e-06,1640f1c4
37,-0.1,-1,-1,1697545988,False,1,935ed791,2023-10-17_12-33-08,0.4078643321990967,0.4078643321990967,55447,1105bb7c0067,172.17.0.2,0.4078643321990967,1,,32,6,16,55,247,2.5424708544819255e-05,8.20108057915582e-06,935ed791
38,-0.1,-1,-1,1697545989,False,1,a97453e2,2023-10-17_12-33-09,1.3247666358947754,1.3247666358947754,55575,1105bb7c0067,172.17.0.2,1.3247666358947754,1,,64,4,9,173,18,3.1402575640761846e-05,5.536877352191211e-06,a97453e2
39,-0.1,-1,-1,1697545989,False,1,ab69fa24,2023-10-17_12-33-09,0.3685166835784912,0.3685166835784912,55447,1105bb7c0067,172.17.0.2,0.3685166835784912,1,,32,8,5,157,156,0.0003280227045807073,4.4228919186846035e-06,ab69fa24
40,0.5640845070422535,-1,-1,1697546226,False,1,6e1ecc55,2023-10-17_12-37-06,237.40508890151978,237.40508890151978,55447,1105bb7c0067,172.17.0.2,237.40508890151978,1,,128,2,9,137,82,0.00043351169987522654,1.9644301710104503e-06,6e1ecc55
41,-0.1,-1,-1,1697545990,False,1,aae2a54f,2023-10-17_12-33-10,0.42095208168029785,0.42095208168029785,55575,1105bb7c0067,172.17.0.2,0.42095208168029785,1,,64,8,4,79,151,0.0002217987560254006,1.2454166019412403e-07,aae2a54f
42,-0.1,-1,-1,1697545990,False,1,bffe4395,2023-10-17_12-33-10,0.5278027057647705,0.5278027057647705,55575,1105bb7c0067,172.17.0.2,0.5278027057647705,1,,64,4,6,282,44,1.820947449837675e-05,3.815341002446422e-06,bffe4395
43,-0.1,-1,-1,1697545991,False,1,4c2424a6,2023-10-17_12-33-11,0.481295108795166,0.481295108795166,55575,1105bb7c0067,172.17.0.2,0.481295108795166,1,,32,3,11,354,79,1.2993383068031928e-05,5.052583071425741e-06,4c2424a6
44,-0.1,-1,-1,1697546006,False,1,b4dc0f79,2023-10-17_12-33-26,0.39217162132263184,0.39217162132263184,55575,1105bb7c0067,172.17.0.2,0.39217162132263184,1,,128,4,2,366,23,5.900191971446185e-05,7.832728549507163e-06,b4dc0f79
45,-0.1,-1,-1,1697546007,False,1,9bcfd566,2023-10-17_12-33-27,0.3875255584716797,0.3875255584716797,55575,1105bb7c0067,172.17.0.2,0.3875255584716797,1,,64,5,19,110,7,2.4825246865216193e-05,5.904984976588634e-06,9bcfd566
46,-0.1,-1,-1,1697546007,False,1,1a117180,2023-10-17_12-33-27,0.5376932621002197,0.5376932621002197,55575,1105bb7c0067,172.17.0.2,0.5376932621002197,1,,256,6,3,235,263,4.2316474060835366e-05,6.987185163431827e-06,1a117180
47,-0.1,-1,-1,1697546008,False,1,a285d00b,2023-10-17_12-33-28,0.42253923416137695,0.42253923416137695,55575,1105bb7c0067,172.17.0.2,0.42253923416137695,1,,128,7,2,117,179,0.00013622180241555808,9.61071983710207e-06,a285d00b
48,-0.1,-1,-1,1697546008,False,1,1c3ecac5,2023-10-17_12-33-28,0.4351201057434082,0.4351201057434082,55575,1105bb7c0067,172.17.0.2,0.4351201057434082,1,,32,6,3,135,174,7.85176460752938e-05,8.307538002045282e-06,1c3ecac5
49,-0.1,-1,-1,1697546008,False,1,384db067,2023-10-17_12-33-28,0.3746907711029053,0.3746907711029053,55575,1105bb7c0067,172.17.0.2,0.3746907711029053,1,,256,5,8,274,96,3.240675628748915e-05,6.285486546582862e-06,384db067
50,-0.1,-1,-1,1697546009,False,1,9ca11a2d,2023-10-17_12-33-29,0.5207188129425049,0.5207188129425049,55575,1105bb7c0067,172.17.0.2,0.5207188129425049,1,,256,5,3,249,111,2.1253417533505865e-05,7.497330947070073e-06,9ca11a2d
51,-0.1,-1,-1,1697546009,False,1,5afa8e06,2023-10-17_12-33-29,0.42217469215393066,0.42217469215393066,55575,1105bb7c0067,172.17.0.2,0.42217469215393066,1,,256,6,13,274,128,3.167191658430342e-05,6.602443834058949e-06,5afa8e06
52,-0.1,-1,-1,1697546010,False,1,20826435,2023-10-17_12-33-30,0.4811232089996338,0.4811232089996338,55575,1105bb7c0067,172.17.0.2,0.4811232089996338,1,,256,5,7,215,58,1.2798634772970825e-05,6.309261626778191e-06,20826435
53,-0.1,-1,-1,1697546010,False,1,b8b6972e,2023-10-17_12-33-30,0.42493295669555664,0.42493295669555664,55575,1105bb7c0067,172.17.0.2,0.42493295669555664,1,,256,6,4,297,103,1.6508713119018126e-05,7.75878463406323e-06,b8b6972e
54,-0.1,-1,-1,1697546011,False,1,8e6d0033,2023-10-17_12-33-31,0.4077625274658203,0.4077625274658203,55575,1105bb7c0067,172.17.0.2,0.4077625274658203,1,,256,4,4,226,56,4.811579538135408e-05,5.477711251442692e-06,8e6d0033
55,-0.1,-1,-1,1697546011,False,1,bbcc6201,2023-10-17_12-33-31,0.37395524978637695,0.37395524978637695,55575,1105bb7c0067,172.17.0.2,0.37395524978637695,1,,256,5,10,193,48,7.043654609162257e-05,3.947803250359436e-06,bbcc6201
56,-0.1,-1,-1,1697546012,False,1,2ba62b8f,2023-10-17_12-33-32,0.3496220111846924,0.3496220111846924,55575,1105bb7c0067,172.17.0.2,0.3496220111846924,1,,64,7,18,34,197,0.00012172337413069634,9.49146591976035e-06,2ba62b8f
57,-0.1,-1,-1,1697546013,False,1,363ad484,2023-10-17_12-33-33,0.480926513671875,0.480926513671875,55575,1105bb7c0067,172.17.0.2,0.480926513671875,1,,128,3,13,77,145,0.00017083775923020615,2.418401609300102e-06,363ad484
58,-0.1,-1,-1,1697546013,False,1,28987a9b,2023-10-17_12-33-33,0.4390757083892822,0.4390757083892822,55575,1105bb7c0067,172.17.0.2,0.4390757083892822,1,,256,3,8,258,75,1.6243719153083093e-05,7.195802399008284e-06,28987a9b
59,-0.1,-1,-1,1697546014,False,1,5710d8b6,2023-10-17_12-33-34,0.5513248443603516,0.5513248443603516,55575,1105bb7c0067,172.17.0.2,0.5513248443603516,1,,64,7,5,45,163,5.130126923613681e-05,8.77162980356891e-06,5710d8b6
60,-0.1,-1,-1,1697546014,False,1,03a639f3,2023-10-17_12-33-34,0.3497176170349121,0.3497176170349121,55575,1105bb7c0067,172.17.0.2,0.3497176170349121,1,,64,8,6,65,223,4.24660058483266e-05,8.307904302448628e-06,03a639f3
61,-0.1,-1,-1,1697546014,False,1,4a518372,2023-10-17_12-33-34,0.36895298957824707,0.36895298957824707,55575,1105bb7c0067,172.17.0.2,0.36895298957824707,1,,32,6,7,156,89,2.7528333980000737e-05,6.809965611869467e-06,4a518372
62,-0.1,-1,-1,1697546015,False,1,daa81e66,2023-10-17_12-33-35,0.4205284118652344,0.4205284118652344,55575,1105bb7c0067,172.17.0.2,0.4205284118652344,1,,256,5,9,205,126,2.334559029915559e-05,4.173098975633934e-06,daa81e66
63,-0.1,-1,-1,1697546015,False,1,70c36c93,2023-10-17_12-33-35,0.5571832656860352,0.5571832656860352,55575,1105bb7c0067,172.17.0.2,0.5571832656860352,1,,64,7,12,99,209,0.00043876476740209794,9.09799513575202e-06,70c36c93
64,-0.1,-1,-1,1697546016,False,1,5bf5a343,2023-10-17_12-33-36,0.559074878692627,0.559074878692627,55575,1105bb7c0067,172.17.0.2,0.559074878692627,1,,64,6,11,86,264,0.00019484294114405627,9.896473544777721e-06,5bf5a343
65,-0.1,-1,-1,1697546016,False,1,344c520b,2023-10-17_12-33-36,0.3840928077697754,0.3840928077697754,55575,1105bb7c0067,172.17.0.2,0.3840928077697754,1,,64,4,15,190,246,8.078829649127667e-05,7.269483973720181e-06,344c520b
66,-0.1,-1,-1,1697546017,False,1,31bb2af6,2023-10-17_12-33-37,0.3700716495513916,0.3700716495513916,55575,1105bb7c0067,172.17.0.2,0.3700716495513916,1,,128,3,14,57,116,0.00011275276799801113,8.048229702593678e-06,31bb2af6
67,0.5819248826291079,-1,-1,1697546187,False,1,8583d597,2023-10-17_12-36-27,169.74945497512817,169.74945497512817,55575,1105bb7c0067,172.17.0.2,169.74945497512817,1,,64,2,15,106,69,0.00030657166964499674,7.687998863955774e-06,8583d597
68,-0.1,-1,-1,1697546051,False,1,3b4020b7,2023-10-17_12-34-11,0.9822952747344971,0.9822952747344971,56338,1105bb7c0067,172.17.0.2,0.9822952747344971,1,,256,4,19,161,235,0.0009422438621335134,8.637387587965634e-06,3b4020b7
69,-0.1,-1,-1,1697546052,False,1,dca49ce1,2023-10-17_12-34-12,0.32926297187805176,0.32926297187805176,56338,1105bb7c0067,172.17.0.2,0.32926297187805176,1,,32,8,16,51,226,0.0004901275488366677,8.511339519699524e-06,dca49ce1
70,-0.1,-1,-1,1697546052,False,1,a3bf4bd4,2023-10-17_12-34-12,0.3522670269012451,0.3522670269012451,56338,1105bb7c0067,172.17.0.2,0.3522670269012451,1,,32,6,17,126,238,0.0007117267159717159,9.6162639127863e-06,a3bf4bd4
71,-0.1,-1,-1,1697546052,False,1,c762456c,2023-10-17_12-34-12,0.4442167282104492,0.4442167282104492,56338,1105bb7c0067,172.17.0.2,0.4442167282104492,1,,32,8,18,81,253,0.00028426196330224863,8.03115065757125e-06,c762456c
72,-0.1,-1,-1,1697546053,False,1,0cf5d413,2023-10-17_12-34-13,0.3968966007232666,0.3968966007232666,56338,1105bb7c0067,172.17.0.2,0.3968966007232666,1,,32,4,12,71,33,5.8283721631473873e-05,5.090475882736118e-06,0cf5d413
73,-0.1,-1,-1,1697546053,False,1,8cbf1af9,2023-10-17_12-34-13,0.40702366828918457,0.40702366828918457,56338,1105bb7c0067,172.17.0.2,0.40702366828918457,1,,256,5,13,317,129,1.9329489388676557e-05,7.4447258704087545e-06,8cbf1af9
74,-0.1,-1,-1,1697546054,False,1,be03c949,2023-10-17_12-34-14,0.3829991817474365,0.3829991817474365,56338,1105bb7c0067,172.17.0.2,0.3829991817474365,1,,256,6,10,340,142,1.2250671558796126e-05,6.606746316069628e-06,be03c949
75,-0.1,-1,-1,1697546054,False,1,3dae3b18,2023-10-17_12-34-14,0.4228546619415283,0.4228546619415283,56338,1105bb7c0067,172.17.0.2,0.4228546619415283,1,,256,5,13,278,60,3.73120422109003e-05,6.48084739426267e-06,3dae3b18
76,-0.1,-1,-1,1697546055,False,1,d5dc3237,2023-10-17_12-34-15,0.3810102939605713,0.3810102939605713,56338,1105bb7c0067,172.17.0.2,0.3810102939605713,1,,256,5,6,296,97,1.3958026044542883e-05,6.0429889681566446e-06,d5dc3237
77,-0.1,-1,-1,1697546055,False,1,34f642dc,2023-10-17_12-34-15,0.4582545757293701,0.4582545757293701,56338,1105bb7c0067,172.17.0.2,0.4582545757293701,1,,256,4,4,303,15,1.062746570514081e-05,5.571238203556185e-06,34f642dc
78,-0.1,-1,-1,1697546056,False,1,df23e5fd,2023-10-17_12-34-16,0.513965368270874,0.513965368270874,56338,1105bb7c0067,172.17.0.2,0.513965368270874,1,,256,4,9,185,48,6.370878366104167e-05,1.4404434738545625e-06,df23e5fd
79,-0.1,-1,-1,1697546057,False,1,c4f7fb6a,2023-10-17_12-34-17,0.36788034439086914,0.36788034439086914,56338,1105bb7c0067,172.17.0.2,0.36788034439086914,1,,256,3,8,227,53,4.937610644501521e-05,3.391165658521768e-06,c4f7fb6a
80,-0.1,-1,-1,1697546057,False,1,af6cc617,2023-10-17_12-34-17,0.37966299057006836,0.37966299057006836,56338,1105bb7c0067,172.17.0.2,0.37966299057006836,1,,64,7,18,34,199,0.00039508173539816406,2.718791435544341e-06,af6cc617
81,-0.1,-1,-1,1697546057,False,1,52d34534,2023-10-17_12-34-17,0.3683736324310303,0.3683736324310303,56338,1105bb7c0067,172.17.0.2,0.3683736324310303,1,,256,6,4,259,105,1.8928822387232592e-05,5.289547880759701e-06,52d34534
82,-0.1,-1,-1,1697546058,False,1,9743e27e,2023-10-17_12-34-18,0.39037466049194336,0.39037466049194336,56338,1105bb7c0067,172.17.0.2,0.39037466049194336,1,,128,4,2,246,84,2.832787580308583e-05,6.953005791695689e-06,9743e27e
83,0.4859154929577465,-1,-1,1697546349,False,1,913bc81d,2023-10-17_12-39-09,291.22412848472595,291.22412848472595,56338,1105bb7c0067,172.17.0.2,291.22412848472595,1,,128,2,8,20,78,0.00015654534484959835,2.014227048547078e-06,913bc81d
84,-0.1,-1,-1,1697546065,False,1,0504d9c3,2023-10-17_12-34-25,0.3354225158691406,0.3354225158691406,55318,1105bb7c0067,172.17.0.2,0.3354225158691406,1,,64,3,5,43,164,1.5839454477214904e-05,8.881365368393359e-06,0504d9c3
85,0.5225352112676056,-1,-1,1697546161,False,1,a354f25d,2023-10-17_12-36-01,96.03409886360168,96.03409886360168,55318,1105bb7c0067,172.17.0.2,96.03409886360168,1,,64,2,6,121,185,0.0007855022510385166,8.33552750362459e-06,a354f25d
86,-0.1,-1,-1,1697546072,False,1,989b35a1,2023-10-17_12-34-32,1.0057053565979004,1.0057053565979004,56679,1105bb7c0067,172.17.0.2,1.0057053565979004,1,,64,7,5,166,148,0.0005870397696938134,8.933868137506556e-06,989b35a1
87,0.5793427230046948,-1,-1,1697546385,False,1,18196b96,2023-10-17_12-39-45,312.56595158576965,312.56595158576965,56679,1105bb7c0067,172.17.0.2,312.56595158576965,1,,64,2,3,144,110,0.00026059565967445175,9.44844372499059e-06,18196b96
88,0.5568075117370891,-1,-1,1697546230,False,1,4fad57a8,2023-10-17_12-37-10,137.38565349578857,137.38565349578857,56802,1105bb7c0067,172.17.0.2,137.38565349578857,1,,64,2,7,69,117,0.0003762961689311351,9.087426465166881e-06,4fad57a8
89,-0.1,-1,-1,1697546106,False,1,cef6532a,2023-10-17_12-35-06,1.1162827014923096,1.1162827014923096,56850,1105bb7c0067,172.17.0.2,1.1162827014923096,1,,32,6,7,154,63,1.14431985928978e-05,4.646040972967949e-06,cef6532a
90,-0.1,-1,-1,1697546106,False,1,afb0467c,2023-10-17_12-35-06,0.3717164993286133,0.3717164993286133,56850,1105bb7c0067,172.17.0.2,0.3717164993286133,1,,32,6,5,127,92,3.410021463959627e-05,9.989948326049546e-06,afb0467c
91,-0.1,-1,-1,1697546106,False,1,8180a165,2023-10-17_12-35-06,0.37125539779663086,0.37125539779663086,56850,1105bb7c0067,172.17.0.2,0.37125539779663086,1,,32,5,7,178,88,2.643604662971146e-05,6.969312030604555e-06,8180a165
92,-0.1,-1,-1,1697546108,False,1,cf3c6657,2023-10-17_12-35-08,0.4075298309326172,0.4075298309326172,56850,1105bb7c0067,172.17.0.2,0.4075298309326172,1,,64,5,9,204,132,2.189674178614986e-05,4.161859536250277e-06,cf3c6657
93,-0.1,-1,-1,1697546109,False,1,b49f9e47,2023-10-17_12-35-09,0.4545607566833496,0.4545607566833496,56850,1105bb7c0067,172.17.0.2,0.4545607566833496,1,,64,5,9,109,122,2.3421940872881028e-05,3.6043573955366567e-06,b49f9e47
94,-0.1,-1,-1,1697546109,False,1,21fc4ae1,2023-10-17_12-35-09,0.40526413917541504,0.40526413917541504,56850,1105bb7c0067,172.17.0.2,0.40526413917541504,1,,64,7,11,105,215,0.0009679348172174711,9.776777072691607e-06,21fc4ae1
95,-0.1,-1,-1,1697546109,False,1,941dde77,2023-10-17_12-35-09,0.3696269989013672,0.3696269989013672,56850,1105bb7c0067,172.17.0.2,0.3696269989013672,1,,64,6,11,86,268,0.00022371185458091702,9.913802585549913e-06,941dde77
96,0.6009389671361502,-1,-1,1697546333,False,1,91ee5a80,2023-10-17_12-38-53,223.7640814781189,223.7640814781189,56850,1105bb7c0067,172.17.0.2,223.7640814781189,1,,64,2,17,185,41,0.00020229246381404882,7.936694644745542e-06,91ee5a80
97,-0.1,-1,-1,1697546123,False,1,0b89b009,2023-10-17_12-35-23,1.2374088764190674,1.2374088764190674,57003,1105bb7c0067,172.17.0.2,1.2374088764190674,1,,64,3,15,146,134,8.812707115100118e-05,7.201618709726789e-06,0b89b009
98,-0.1,-1,-1,1697546123,False,1,d9489137,2023-10-17_12-35-23,0.3709752559661865,0.3709752559661865,57003,1105bb7c0067,172.17.0.2,0.3709752559661865,1,,128,3,14,56,27,0.0001184866327440059,8.113170769561352e-06,d9489137
99,0.5053990610328638,-1,-1,1697546333,False,1,701233db,2023-10-17_12-38-53,207.07519721984863,207.07519721984863,57003,1105bb7c0067,172.17.0.2,207.07519721984863,1,,128,2,14,26,140,0.0005369138756406608,8.506387093596144e-06,701233db
100,-0.1,-1,-1,1697546140,False,1,00c4b063,2023-10-17_12-35-40,1.2678914070129395,1.2678914070129395,57096,1105bb7c0067,172.17.0.2,1.2678914070129395,1,,64,4,3,170,72,0.0009099327923822002,7.66901866325345e-06,00c4b063
101,-0.1,-1,-1,1697546142,False,1,4ae83e07,2023-10-17_12-35-42,0.4674241542816162,0.4674241542816162,57096,1105bb7c0067,172.17.0.2,0.4674241542816162,1,,32,8,16,41,152,0.0006430754328397924,2.534612843461391e-07,4ae83e07
102,-0.1,-1,-1,1697546142,False,1,bd8e4116,2023-10-17_12-35-42,0.4587833881378174,0.4587833881378174,57096,1105bb7c0067,172.17.0.2,0.4587833881378174,1,,32,8,2,49,178,0.0004747689674775673,9.322533416820932e-06,bd8e4116
103,-0.1,-1,-1,1697546143,False,1,7bac1bc6,2023-10-17_12-35-43,0.5354528427124023,0.5354528427124023,57096,1105bb7c0067,172.17.0.2,0.5354528427124023,1,,32,8,19,91,65,0.0005055796176968834,8.962303914661447e-06,7bac1bc6
104,-0.1,-1,-1,1697546143,False,1,1e98b5fe,2023-10-17_12-35-43,0.38698363304138184,0.38698363304138184,57096,1105bb7c0067,172.17.0.2,0.38698363304138184,1,,32,6,17,126,34,0.0008136423840220575,9.660005036178037e-06,1e98b5fe
105,-0.1,-1,-1,1697546144,False,1,ab51b02c,2023-10-17_12-35-44,0.3441188335418701,0.3441188335418701,57096,1105bb7c0067,172.17.0.2,0.3441188335418701,1,,32,3,10,77,101,0.00025789138293210004,6.1691267859523336e-06,ab51b02c
106,-0.1,-1,-1,1697546144,False,1,8a7139d6,2023-10-17_12-35-44,0.3857402801513672,0.3857402801513672,57096,1105bb7c0067,172.17.0.2,0.3857402801513672,1,,32,4,12,67,34,0.00016930159964329152,5.0804646562601895e-06,8a7139d6
107,-0.1,-1,-1,1697546145,False,1,c2aca3d0,2023-10-17_12-35-45,0.4753556251525879,0.4753556251525879,57096,1105bb7c0067,172.17.0.2,0.4753556251525879,1,,32,3,12,100,21,5.664775421148373e-05,3.053792297262596e-06,c2aca3d0
108,-0.1,-1,-1,1697546145,False,1,408696b7,2023-10-17_12-35-45,0.3578908443450928,0.3578908443450928,57096,1105bb7c0067,172.17.0.2,0.3578908443450928,1,,256,5,4,382,128,1.918834875327133e-05,7.446448356823074e-06,408696b7
109,-0.1,-1,-1,1697546146,False,1,547650df,2023-10-17_12-35-46,0.35408711433410645,0.35408711433410645,57096,1105bb7c0067,172.17.0.2,0.35408711433410645,1,,64,6,10,350,144,1.4390673757121747e-05,6.456537647867697e-06,547650df
110,-0.1,-1,-1,1697546146,False,1,b215305a,2023-10-17_12-35-46,0.47058987617492676,0.47058987617492676,57096,1105bb7c0067,172.17.0.2,0.47058987617492676,1,,256,5,13,287,8,0.00013647495174875517,4.643430898265956e-06,b215305a
111,-0.1,-1,-1,1697546147,False,1,26a135ec,2023-10-17_12-35-47,0.5247588157653809,0.5247588157653809,57096,1105bb7c0067,172.17.0.2,0.5247588157653809,1,,128,5,3,238,15,3.9658164389832285e-05,5.784294352552275e-06,26a135ec
112,-0.1,-1,-1,1697546147,False,1,f54b96a5,2023-10-17_12-35-47,0.3618335723876953,0.3618335723876953,57096,1105bb7c0067,172.17.0.2,0.3618335723876953,1,,64,4,6,313,96,1.0095174320810688e-05,1.4622090622429301e-06,f54b96a5
113,-0.1,-1,-1,1697546148,False,1,1eabe592,2023-10-17_12-35-48,0.3826606273651123,0.3826606273651123,57096,1105bb7c0067,172.17.0.2,0.3826606273651123,1,,256,4,4,362,9,7.164361763361255e-05,2.740914015194609e-06,1eabe592
114,0.5678403755868545,-1,-1,1697546389,False,1,cfe69d48,2023-10-17_12-39-49,240.73204159736633,240.73204159736633,57096,1105bb7c0067,172.17.0.2,240.73204159736633,1,,64,2,8,182,48,6.752329411461942e-05,1.0042955303473754e-06,cfe69d48
115,0.5309859154929576,-1,-1,1697546260,False,1,660fe8a7,2023-10-17_12-37-40,98.57863235473633,98.57863235473633,55318,1105bb7c0067,172.17.0.2,98.57863235473633,1,,64,2,2,115,187,0.0007899990156326182,8.443539986351552e-06,660fe8a7
116,0.50962441314554,-1,-1,1697546355,False,1,dd297cbc,2023-10-17_12-39-15,168.26557087898254,168.26557087898254,55575,1105bb7c0067,172.17.0.2,168.26557087898254,1,,64,2,6,122,184,0.00035580854465953784,7.589295893831812e-06,dd297cbc
117,0.5453051643192488,-1,-1,1697546499,False,1,06ba3b99,2023-10-17_12-41-39,272.90043687820435,272.90043687820435,55447,1105bb7c0067,172.17.0.2,272.90043687820435,1,,128,2,16,139,84,0.0002889578446458682,4.358176715751368e-07,06ba3b99
118,0.554225352112676,-1,-1,1697546475,False,1,b5eed8cf,2023-10-17_12-41-15,243.53997659683228,243.53997659683228,56802,1105bb7c0067,172.17.0.2,243.53997659683228,1,,128,2,9,134,117,0.0006187412432351839,3.2120386868354827e-06,b5eed8cf
119,0.5417840375586854,-1,-1,1697546648,False,1,b0f0b241,2023-10-17_12-44-08,388.7140944004059,388.7140944004059,55318,1105bb7c0067,172.17.0.2,388.7140944004059,1,,128,2,15,150,81,0.00042074069710161744,1.8402672820446116e-06,b0f0b241
120,0.6220657276995305,-1,-1,1697546788,False,1,201bbdf0,2023-10-17_12-46-28,455.03711915016174,455.03711915016174,56850,1105bb7c0067,172.17.0.2,455.03711915016174,1,,128,2,17,221,40,0.00019939969321998663,7.896756826013349e-06,201bbdf0
121,-0.1,-1,-1,1697546334,False,1,8d3eee90,2023-10-17_12-38-54,0.5744185447692871,0.5744185447692871,57003,1105bb7c0067,172.17.0.2,0.5744185447692871,1,,128,3,18,199,69,0.0003260179079800884,2.184495752202971e-06,8d3eee90
122,0.5922535211267606,-1,-1,1697546656,False,1,520409d0,2023-10-17_12-44-16,322.1030766963959,322.1030766963959,57003,1105bb7c0067,172.17.0.2,322.1030766963959,1,,128,2,15,166,44,0.0002510607384321827,1.3504933969118608e-06,520409d0
123,0.3955399061032864,-1,-1,1697546579,False,1,1c5c1aa9,2023-10-17_12-42-59,230.16954231262207,230.16954231262207,56338,1105bb7c0067,172.17.0.2,230.16954231262207,1,,128,2,19,215,2,0.00020130829008875844,6.007870238127543e-06,1c5c1aa9
124,-0.1,-1,-1,1697546355,False,1,10a297d9,2023-10-17_12-39-15,0.38765454292297363,0.38765454292297363,55575,1105bb7c0067,172.17.0.2,0.38765454292297363,1,,128,3,17,194,54,0.0001702350730583434,7.182895804302687e-07,10a297d9
125,-0.1,-1,-1,1697546356,False,1,4d33fd1c,2023-10-17_12-39-16,0.3715474605560303,0.3715474605560303,55575,1105bb7c0067,172.17.0.2,0.3715474605560303,1,,128,3,16,136,26,0.00033591016656067457,5.271313663352398e-06,4d33fd1c
126,0.5908450704225352,-1,-1,1697546972,False,1,c480de14,2023-10-17_12-49-32,615.7367105484009,615.7367105484009,55575,1105bb7c0067,172.17.0.2,615.7367105484009,1,,128,2,18,232,77,0.00014816247756272607,1.7134296944217478e-06,c480de14
127,0.568075117370892,-1,-1,1697546719,False,1,21a79cec,2023-10-17_12-45-19,333.7063808441162,333.7063808441162,56679,1105bb7c0067,172.17.0.2,333.7063808441162,1,,64,2,14,264,108,9.449696042550299e-05,7.833490813447498e-06,21a79cec
128,0.5861502347417841,-1,-1,1697546772,False,1,2ca691d4,2023-10-17_12-46-12,383.6240816116333,383.6240816116333,57096,1105bb7c0067,172.17.0.2,383.6240816116333,1,,64,2,17,247,170,0.0001235544985644978,9.48394260951846e-06,2ca691d4
129,-0.1,-1,-1,1697546407,False,1,b548f619,2023-10-17_12-40-07,0.47931647300720215,0.47931647300720215,54453,1105bb7c0067,172.17.0.2,0.47931647300720215,1,,64,3,16,159,113,0.00026015275600948254,9.405038637830588e-06,b548f619
130,-0.1,-1,-1,1697546408,False,1,dd8991b1,2023-10-17_12-40-08,0.3828597068786621,0.3828597068786621,54453,1105bb7c0067,172.17.0.2,0.3828597068786621,1,,64,3,15,113,74,0.00010361332711559581,7.077343670094446e-06,dd8991b1
131,0.5753521126760563,-1,-1,1697546706,False,1,1789ebfc,2023-10-17_12-45-06,293.1290473937988,293.1290473937988,54453,1105bb7c0067,172.17.0.2,293.1290473937988,1,,64,2,19,178,42,0.00021703729582518195,9.167335991145624e-06,1789ebfc
132,-0.1,-1,-1,1697546475,False,1,68c5c6d6,2023-10-17_12-41-15,0.4582643508911133,0.4582643508911133,56802,1105bb7c0067,172.17.0.2,0.4582643508911133,1,,64,3,18,146,14,0.000688261976646693,6.762255671022835e-06,68c5c6d6
133,0.576056338028169,-1,-1,1697546772,False,1,4eebc797,2023-10-17_12-46-12,297.10412883758545,297.10412883758545,56802,1105bb7c0067,172.17.0.2,297.10412883758545,1,,64,2,14,209,60,0.0002991707513558733,8.123729463455032e-06,4eebc797
134,-0.1,-1,-1,1697546500,False,1,1ebb7297,2023-10-17_12-41-40,0.351121187210083,0.351121187210083,55447,1105bb7c0067,172.17.0.2,0.351121187210083,1,,64,3,13,187,92,0.0001778942413494664,8.698235269521982e-06,1ebb7297
135,0.5626760563380281,-1,-1,1697546708,False,1,bc91b703,2023-10-17_12-45-08,208.89783477783203,208.89783477783203,55447,1105bb7c0067,172.17.0.2,208.89783477783203,1,,64,2,16,163,105,0.00039311864537102916,6.4047867051788675e-06,bc91b703
136,0.5490610328638497,-1,-1,1697546824,False,1,5a0f7426,2023-10-17_12-47-04,244.1945242881775,244.1945242881775,56338,1105bb7c0067,172.17.0.2,244.1945242881775,1,,64,2,17,105,137,7.817572951187366e-05,7.882228229172591e-06,5a0f7426
137,-0.1,-1,-1,1697546649,False,1,6c0394f1,2023-10-17_12-44-09,0.38810205459594727,0.38810205459594727,55318,1105bb7c0067,172.17.0.2,0.38810205459594727,1,,64,3,15,222,31,0.0005473792206194195,7.346886772819247e-06,6c0394f1
138,-0.1,-1,-1,1697546649,False,1,45370efc,2023-10-17_12-44-09,0.4601569175720215,0.4601569175720215,55318,1105bb7c0067,172.17.0.2,0.4601569175720215,1,,64,3,12,94,100,0.0001286520896466468,8.811232893127403e-06,45370efc
139,0.6072769953051642,-1,-1,1697546899,False,1,87429e72,2023-10-17_12-48-19,249.52010440826416,249.52010440826416,55318,1105bb7c0067,172.17.0.2,249.52010440826416,1,,64,2,18,131,65,0.00015655151352354414,9.747275964417557e-06,87429e72
140,-0.1,-1,-1,1697546657,False,1,5e0c004b,2023-10-17_12-44-17,0.3800082206726074,0.3800082206726074,57003,1105bb7c0067,172.17.0.2,0.3800082206726074,1,,128,3,13,169,37,0.0002442140169336619,5.620443726552368e-06,5e0c004b
141,0.607981220657277,-1,-1,1697547173,False,1,d0ffcf6f,2023-10-17_12-52-53,516.5911598205566,516.5911598205566,57003,1105bb7c0067,172.17.0.2,516.5911598205566,1,,128,2,14,270,23,0.00011369470916205646,2.4086891127884663e-06,d0ffcf6f
142,0.6077464788732394,-1,-1,1697547284,False,1,a47ed964,2023-10-17_12-54-44,577.311318397522,577.311318397522,54453,1105bb7c0067,172.17.0.2,577.311318397522,1,,128,2,19,326,45,0.00035015528995718115,4.8303672335476114e-06,a47ed964
143,-0.1,-1,-1,1697546709,False,1,e89490bc,2023-10-17_12-45-09,0.35099267959594727,0.35099267959594727,55447,1105bb7c0067,172.17.0.2,0.35099267959594727,1,,128,3,15,254,51,0.00018137085443920633,4.255153357112848e-06,e89490bc
144,0.45539906103286387,-1,-1,1697546958,False,1,d8db00eb,2023-10-17_12-49-18,249.50280785560608,249.50280785560608,55447,1105bb7c0067,172.17.0.2,249.50280785560608,1,,128,2,17,60,3,0.0004436611791748514,3.7202918612870262e-06,d8db00eb
145,0.5910798122065728,-1,-1,1697546911,False,1,d4ede9ca,2023-10-17_12-48-31,190.1765284538269,190.1765284538269,56679,1105bb7c0067,172.17.0.2,190.1765284538269,1,,64,2,16,144,71,0.00027136537511946395,7.657415490508452e-06,d4ede9ca
146,0.5251173708920187,-1,-1,1697547279,False,1,f50cd1b3,2023-10-17_12-54-39,506.14310932159424,506.14310932159424,56802,1105bb7c0067,172.17.0.2,506.14310932159424,1,,64,2,11,201,86,0.00023557002682525203,8.27361064256667e-06,f50cd1b3
147,0.5528169014084507,-1,-1,1697547080,False,1,418d1611,2023-10-17_12-51-20,307.5451748371124,307.5451748371124,57096,1105bb7c0067,172.17.0.2,307.5451748371124,1,,64,2,17,244,171,8.65442550773859e-05,8.538260760718228e-06,418d1611
148,0.5406103286384976,-1,-1,1697547325,False,1,af269a79,2023-10-17_12-55-25,537.0375409126282,537.0375409126282,56850,1105bb7c0067,172.17.0.2,537.0375409126282,1,,128,2,17,223,201,0.00019737498431661376,7.99857329618825e-06,af269a79
149,0.5892018779342723,-1,-1,1697547445,False,1,7203d19f,2023-10-17_12-57-25,621.8220715522766,621.8220715522766,56338,1105bb7c0067,172.17.0.2,621.8220715522766,1,,128,2,19,294,39,0.00013381652905994308,1.2960065938067928e-06,7203d19f
150,-0.1,-1,-1,1697546900,False,1,19931432,2023-10-17_12-48-20,0.5575706958770752,0.5575706958770752,55318,1105bb7c0067,172.17.0.2,0.5575706958770752,1,,128,3,18,219,19,0.0001608944772768452,9.719469111401471e-06,19931432
151,0.5828638497652581,-1,-1,1697547284,False,1,f7cdacaf,2023-10-17_12-54-44,384.74817728996277,384.74817728996277,55318,1105bb7c0067,172.17.0.2,384.74817728996277,1,,128,2,18,172,63,0.00021041767666752747,3.4951304841726573e-06,f7cdacaf
152,-0.1,-1,-1,1697546911,False,1,9cb86d54,2023-10-17_12-48-31,0.3906099796295166,0.3906099796295166,56679,1105bb7c0067,172.17.0.2,0.3906099796295166,1,,128,3,18,234,41,0.0001549947868454242,4.017339682331922e-06,9cb86d54
153,0.5985915492957746,-1,-1,1697547465,False,1,e5548bc1,2023-10-17_12-57-45,553.2099571228027,553.2099571228027,56679,1105bb7c0067,172.17.0.2,553.2099571228027,1,,128,2,19,193,12,0.00010719648188252447,5.4158548485453586e-06,e5548bc1
154,-0.1,-1,-1,1697546960,False,1,02476075,2023-10-17_12-49-20,0.5474715232849121,0.5474715232849121,55447,1105bb7c0067,172.17.0.2,0.5474715232849121,1,,128,3,16,154,57,0.00014565295428738904,6.68793443207954e-06,02476075
155,0.62018779342723,-1,-1,1697547448,False,1,a5f9bace,2023-10-17_12-57-28,487.52132844924927,487.52132844924927,55447,1105bb7c0067,172.17.0.2,487.52132844924927,1,,128,2,16,211,27,0.0001915785136600217,9.998989133756916e-06,a5f9bace
156,0.6147887323943662,-1,-1,1697547348,False,1,3b7e486c,2023-10-17_12-55-48,376.1161119937897,376.1161119937897,55575,1105bb7c0067,172.17.0.2,376.1161119937897,1,,128,2,17,185,47,0.0002281690784667003,9.25352570588714e-06,3b7e486c
157,-0.1,-1,-1,1697547081,False,1,4b5af9ac,2023-10-17_12-51-21,0.43206024169921875,0.43206024169921875,57096,1105bb7c0067,172.17.0.2,0.43206024169921875,1,,128,3,18,129,3,9.826735991026831e-05,1.621020828452506e-08,4b5af9ac
158,0.5859154929577465,-1,-1,1697547513,False,1,96f37d08,2023-10-17_12-58-33,432.2881133556366,432.2881133556366,57096,1105bb7c0067,172.17.0.2,432.2881133556366,1,,128,2,19,253,66,0.00030107142456127137,6.125073096053986e-06,96f37d08
159,0.5875586854460094,-1,-1,1697547992,False,1,4d304ac2,2023-10-17_13-06-32,819.2190823554993,819.2190823554993,57003,1105bb7c0067,172.17.0.2,819.2190823554993,1,,128,2,14,269,25,5.984482760654098e-05,2.4115729004705174e-06,4d304ac2
160,0.5751173708920188,-1,-1,1697547711,False,1,53900573,2023-10-17_13-01-51,432.6207036972046,432.6207036972046,56802,1105bb7c0067,172.17.0.2,432.6207036972046,1,,128,2,14,268,20,0.00011453737899414128,2.9386781840958494e-06,53900573
161,-0.1,-1,-1,1697547284,False,1,9d30519c,2023-10-17_12-54-44,0.4007265567779541,0.4007265567779541,54453,1105bb7c0067,172.17.0.2,0.4007265567779541,1,,128,3,19,320,32,8.100211063667874e-05,4.659222302221795e-06,9d30519c
162,0.5727699530516432,-1,-1,1697547583,False,1,7f7af1f7,2023-10-17_12-59-43,298.4763414859772,298.4763414859772,54453,1105bb7c0067,172.17.0.2,298.4763414859772,1,,128,2,19,326,12,0.0003718388876422518,3.250530393935548e-06,7f7af1f7
163,-0.1,-1,-1,1697547285,False,1,e2ec4a49,2023-10-17_12-54-45,0.5468275547027588,0.5468275547027588,55318,1105bb7c0067,172.17.0.2,0.5468275547027588,1,,128,3,18,303,55,0.0003507603406130373,5.017776137726816e-06,e2ec4a49
164,-0.1,-1,-1,1697547285,False,1,a65175d9,2023-10-17_12-54-45,0.3734161853790283,0.3734161853790283,55318,1105bb7c0067,172.17.0.2,0.3734161853790283,1,,128,4,15,343,22,4.450169368140135e-05,2.5529467038679236e-06,a65175d9
165,-0.1,-1,-1,1697547286,False,1,db2f03fa,2023-10-17_12-54-46,0.36684465408325195,0.36684465408325195,55318,1105bb7c0067,172.17.0.2,0.36684465408325195,1,,128,3,17,376,6,0.00014122839074189904,2.284862813602475e-06,db2f03fa
166,0.596244131455399,-1,-1,1697547677,False,1,7b402afc,2023-10-17_13-01-17,391.59501481056213,391.59501481056213,55318,1105bb7c0067,172.17.0.2,391.59501481056213,1,,128,2,18,283,33,0.0003273897263479624,4.5108284346143146e-06,7b402afc
167,0.5699530516431925,-1,-1,1697547925,False,1,0f47de99,2023-10-17_13-05-25,599.3797891139984,599.3797891139984,56850,1105bb7c0067,172.17.0.2,599.3797891139984,1,,128,2,19,328,45,9.433236924019459e-05,3.8874583089034415e-06,0f47de99
168,-0.1,-1,-1,1697547348,False,1,ce5feed2,2023-10-17_12-55-48,0.5811803340911865,0.5811803340911865,55575,1105bb7c0067,172.17.0.2,0.5811803340911865,1,,128,3,16,396,49,0.00011246420397906851,2.946813008245255e-06,ce5feed2
169,-0.1,-1,-1,1697547349,False,1,a05ac7dc,2023-10-17_12-55-49,0.3860616683959961,0.3860616683959961,55575,1105bb7c0067,172.17.0.2,0.3860616683959961,1,,128,3,13,334,16,0.00023174159713006503,1.6592621337683801e-06,a05ac7dc
170,0.5507042253521128,-1,-1,1697547857,False,1,4e6e2f59,2023-10-17_13-04-17,507.6542925834656,507.6542925834656,55575,1105bb7c0067,172.17.0.2,507.6542925834656,1,,128,2,14,289,80,0.0001839333161581616,5.716776567020218e-07,4e6e2f59
171,-0.1,-1,-1,1697547446,False,1,d0535e7b,2023-10-17_12-57-26,0.43788933753967285,0.43788933753967285,56338,1105bb7c0067,172.17.0.2,0.43788933753967285,1,,128,4,17,309,29,0.0005935674852423165,4.821101612890789e-06,d0535e7b
172,0.5870892018779343,-1,-1,1697547799,False,1,ec0b3f9a,2023-10-17_13-03-19,352.5908114910126,352.5908114910126,56338,1105bb7c0067,172.17.0.2,352.5908114910126,1,,128,2,12,359,55,0.0005059395393950889,2.0848006878820857e-06,ec0b3f9a
173,0.5802816901408451,-1,-1,1697548164,False,1,a4344fe3,2023-10-17_13-09-24,716.2343723773956,716.2343723773956,55447,1105bb7c0067,172.17.0.2,716.2343723773956,1,,128,2,16,210,27,7.470088564309764e-05,9.991419961615867e-06,a4344fe3
174,-0.1,-1,-1,1697547465,False,1,44a2511e,2023-10-17_12-57-45,0.4774739742279053,0.4774739742279053,56679,1105bb7c0067,172.17.0.2,0.4774739742279053,1,,128,3,15,278,3,0.00012909928170872048,9.270980382104411e-06,44a2511e
175,0.5899061032863849,-1,-1,1697547887,False,1,32f4c41b,2023-10-17_13-04-47,422.1218008995056,422.1218008995056,56679,1105bb7c0067,172.17.0.2,422.1218008995056,1,,128,2,14,230,37,0.00019592786477432792,9.90816378063111e-06,32f4c41b
176,-0.1,-1,-1,1697547513,False,1,d8802b65,2023-10-17_12-58-33,0.3946843147277832,0.3946843147277832,57096,1105bb7c0067,172.17.0.2,0.3946843147277832,1,,128,3,13,260,24,0.00042127785028194784,9.080572586850786e-06,d8802b65
177,0.584507042253521,-1,-1,1697548063,False,1,4cfd1a97,2023-10-17_13-07-43,549.815351486206,549.815351486206,57096,1105bb7c0067,172.17.0.2,549.815351486206,1,,128,2,15,238,11,0.00021413086571441098,8.88772792145047e-06,4cfd1a97
178,-0.1,-1,-1,1697547583,False,1,a36dfaa5,2023-10-17_12-59-43,0.3754086494445801,0.3754086494445801,54453,1105bb7c0067,172.17.0.2,0.3754086494445801,1,,128,4,16,216,61,8.716180975822848e-05,8.364482979367139e-06,a36dfaa5
179,0.594131455399061,-1,-1,1697548040,False,1,c126f8d8,2023-10-17_13-07-20,457.32463908195496,457.32463908195496,54453,1105bb7c0067,172.17.0.2,457.32463908195496,1,,128,2,16,202,18,0.0002799571677063938,1.2058291390306502e-06,c126f8d8
180,-0.1,-1,-1,1697547678,False,1,13b54a88,2023-10-17_13-01-18,0.4190068244934082,0.4190068244934082,55318,1105bb7c0067,172.17.0.2,0.4190068244934082,1,,128,3,14,241,51,0.00017977065324064208,8.665825544166863e-07,13b54a88
181,-0.1,-1,-1,1697547712,False,1,a4990c48,2023-10-17_13-01-52,0.5780107975006104,0.5780107975006104,56802,1105bb7c0067,172.17.0.2,0.5780107975006104,1,,128,3,12,177,89,0.00010377936796677688,9.661122375880664e-06,a4990c48
182,-0.1,-1,-1,1697547713,False,1,74762902,2023-10-17_13-01-53,0.578134298324585,0.578134298324585,56802,1105bb7c0067,172.17.0.2,0.578134298324585,1,,128,4,13,249,9,0.00011710872989802629,9.531145984680383e-06,74762902
183,-0.1,-1,-1,1697547858,True,1,61871717,2023-10-17_13-04-18,0.48194384574890137,0.48194384574890137,55575,1105bb7c0067,172.17.0.2,0.48194384574890137,1,,128,3,16,190,73,5.232549649216665e-05,8.629543941664791e-06,61871717
184,-0.1,-1,-1,1697547888,True,1,ad209810,2023-10-17_13-04-48,0.5728976726531982,0.5728976726531982,56679,1105bb7c0067,172.17.0.2,0.5728976726531982,1,,128,3,15,292,17,0.000145149101759032,7.093659762009369e-06,ad209810
185,-0.1,-1,-1,1697547994,True,1,c950fef1,2023-10-17_13-06-34,0.38230466842651367,0.38230466842651367,57003,1105bb7c0067,172.17.0.2,0.38230466842651367,1,,128,4,18,308,3,0.0004055128785237562,8.13249661352609e-06,c950fef1
186,-0.1,-1,-1,1697547995,True,1,98448ebc,2023-10-17_13-06-35,0.5970139503479004,0.5970139503479004,57003,1105bb7c0067,172.17.0.2,0.5970139503479004,1,,128,3,16,216,58,0.00013044669636913392,8.700854582078547e-06,98448ebc
187,-0.1,-1,-1,1697548041,True,1,2be70653,2023-10-17_13-07-21,0.3901844024658203,0.3901844024658203,54453,1105bb7c0067,172.17.0.2,0.3901844024658203,1,,256,3,13,197,82,0.00026325778042191376,9.440113994555961e-06,2be70653
188,-0.1,-1,-1,1697548165,True,1,9240297b,2023-10-17_13-09-25,0.5571877956390381,0.5571877956390381,55447,1105bb7c0067,172.17.0.2,0.5571877956390381,1,,128,3,10,286,93,0.000219072900705519,9.804529640998187e-06,9240297b
