,score,time_this_iter_s,done,training_iteration,trial_id,date,timestamp,time_total_s,pid,hostname,node_ip,time_since_restore,iterations_since_restore,config/latent_dim,config/model_lamda,config/num_CL,config/num_HL,config/size_CL,config/size_HL,logdir
0,0.5844120819848975,1318.5140101909635,False,1,8783d8f8,2023-09-11_14-26-04,1694442364,1318.5140101909635,73628,84233402a856,172.17.0.2,1318.5140101909635,1,345,0.7397231349423117,4,7,28,22,"/home/darlinne.soto/ray_results/convtae_realworld_waist/my_objective_function_8783d8f8_1_latent_dim=345,model_lamda=0.7397,num_CL=4,num_HL=7,size_CL=28,size_HL=22_2023-09-11_14-03-39"
1,0.6764293419633225,1710.94970369339,False,1,817ce7a0,2023-09-11_14-32-57,1694442777,1710.94970369339,73870,84233402a856,172.17.0.2,1710.94970369339,1,258,0.40758904771393767,6,4,24,65,"/home/darlinne.soto/ray_results/convtae_realworld_waist/my_objective_function_817ce7a0_2_latent_dim=258,model_lamda=0.4076,num_CL=6,num_HL=4,size_CL=24,size_HL=65_2023-09-11_14-04-05"
2,0.5755663430420712,3413.4037113189697,True,1,5261e12b,2023-09-11_15-01-57,1694444517,3413.4037113189697,74116,84233402a856,172.17.0.2,3413.4037113189697,1,318,1.001849333588899,3,7,25,47,"/home/darlinne.soto/ray_results/convtae_realworld_waist/my_objective_function_5261e12b_3_latent_dim=318,model_lamda=1.0018,num_CL=3,num_HL=7,size_CL=25,size_HL=47_2023-09-11_14-04-26"
3,0.6677454153182308,6641.655042648315,True,1,ac31cc26,2023-09-11_15-56-07,1694447767,6641.655042648315,74487,84233402a856,172.17.0.2,6641.655042648315,1,300,0.6438297603856937,2,7,25,97,"/home/darlinne.soto/ray_results/convtae_realworld_waist/my_objective_function_ac31cc26_4_latent_dim=300,model_lamda=0.6438,num_CL=2,num_HL=7,size_CL=25,size_HL=97_2023-09-11_14-05-03"
4,0.6899137001078749,2842.2945671081543,False,1,337f83d6,2023-09-11_14-53-12,1694443992,2842.2945671081543,74612,84233402a856,172.17.0.2,2842.2945671081543,1,62,0.167551002965862,6,6,13,85,"/home/darlinne.soto/ray_results/convtae_realworld_waist/my_objective_function_337f83d6_5_latent_dim=62,model_lamda=0.1676,num_CL=6,num_HL=6,size_CL=13,size_HL=85_2023-09-11_14-05-26"
5,0.4606256742179073,2454.301028251648,True,1,5213178c,2023-09-11_15-06-58,1694444818,2454.301028251648,73628,84233402a856,172.17.0.2,2454.301028251648,1,147,1.7659303038109329,5,6,11,142,"/home/darlinne.soto/ray_results/convtae_realworld_waist/my_objective_function_5213178c_6_latent_dim=147,model_lamda=1.7659,num_CL=5,num_HL=6,size_CL=11,size_HL=142_2023-09-11_14-26-04"
6,0.6588457389428264,1661.9768269062042,True,1,d3d1b536,2023-09-11_15-00-40,1694444440,1661.9768269062042,73870,84233402a856,172.17.0.2,1661.9768269062042,1,99,1.9636426456128249,7,5,15,49,"/home/darlinne.soto/ray_results/convtae_realworld_waist/my_objective_function_d3d1b536_7_latent_dim=99,model_lamda=1.9636,num_CL=7,num_HL=5,size_CL=15,size_HL=49_2023-09-11_14-32-57"
7,0.7197950377562028,1166.5081284046173,False,1,74cfbac0,2023-09-11_15-12-39,1694445159,1166.5081284046173,74612,84233402a856,172.17.0.2,1166.5081284046173,1,116,0.6101529725384365,2,4,15,134,"/home/darlinne.soto/ray_results/convtae_realworld_waist/my_objective_function_74cfbac0_8_latent_dim=116,model_lamda=0.6102,num_CL=2,num_HL=4,size_CL=15,size_HL=134_2023-09-11_14-53-12"
8,0.6181229773462783,1623.5312871932983,True,1,d772c79a,2023-09-11_15-27-43,1694446063,1623.5312871932983,73870,84233402a856,172.17.0.2,1623.5312871932983,1,89,0.1044130674038819,3,6,28,126,"/home/darlinne.soto/ray_results/convtae_realworld_waist/my_objective_function_d772c79a_9_latent_dim=89,model_lamda=0.1044,num_CL=3,num_HL=6,size_CL=28,size_HL=126_2023-09-11_15-00-40"
9,0.7097087378640776,2029.753830909729,False,1,8d6c941a,2023-09-11_15-35-47,1694446547,2029.753830909729,74116,84233402a856,172.17.0.2,2029.753830909729,1,218,0.26754998419905074,4,4,29,113,"/home/darlinne.soto/ray_results/convtae_realworld_waist/my_objective_function_8d6c941a_10_latent_dim=218,model_lamda=0.2675,num_CL=4,num_HL=4,size_CL=29,size_HL=113_2023-09-11_15-01-57"
10,0.6668284789644014,1361.2123901844025,True,1,f2d7fb1d,2023-09-11_15-29-40,1694446180,1361.2123901844025,73628,84233402a856,172.17.0.2,1361.2123901844025,1,157,0.8511463063089899,4,4,19,76,"/home/darlinne.soto/ray_results/convtae_realworld_waist/my_objective_function_f2d7fb1d_11_latent_dim=157,model_lamda=0.8511,num_CL=4,num_HL=4,size_CL=19,size_HL=76_2023-09-11_15-06-58"
11,0.6415857605177994,5280.474594116211,True,1,9be8cb81,2023-09-11_16-40-39,1694450439,5280.474594116211,74612,84233402a856,172.17.0.2,5280.474594116211,1,302,1.8443363865799465,6,6,14,56,"/home/darlinne.soto/ray_results/convtae_realworld_waist/my_objective_function_9be8cb81_12_latent_dim=302,model_lamda=1.8443,num_CL=6,num_HL=6,size_CL=14,size_HL=56_2023-09-11_15-12-39"
12,0.5574433656957928,2146.695903301239,True,1,67606d99,2023-09-11_16-03-30,1694448210,2146.695903301239,73870,84233402a856,172.17.0.2,2146.695903301239,1,305,1.3832341620550015,6,6,17,83,"/home/darlinne.soto/ray_results/convtae_realworld_waist/my_objective_function_67606d99_13_latent_dim=305,model_lamda=1.3832,num_CL=6,num_HL=6,size_CL=17,size_HL=83_2023-09-11_15-27-43"
13,0.5818230852211435,2849.907567501068,True,1,cedadc09,2023-09-11_16-17-10,1694449030,2849.907567501068,73628,84233402a856,172.17.0.2,2849.907567501068,1,180,1.1746842704721034,3,8,26,57,"/home/darlinne.soto/ray_results/convtae_realworld_waist/my_objective_function_cedadc09_14_latent_dim=180,model_lamda=1.1747,num_CL=3,num_HL=8,size_CL=26,size_HL=57_2023-09-11_15-29-40"
14,0.7117583603020496,5308.476146936417,False,1,2c6d03ad,2023-09-11_17-04-15,1694451855,5308.476146936417,74116,84233402a856,172.17.0.2,5308.476146936417,1,139,1.1785337763936552,5,3,4,25,"/home/darlinne.soto/ray_results/convtae_realworld_waist/my_objective_function_2c6d03ad_15_latent_dim=139,model_lamda=1.1785,num_CL=5,num_HL=3,size_CL=4,size_HL=25_2023-09-11_15-35-47"
15,0.6005933117583602,1948.5090734958649,True,1,91f6fddc,2023-09-11_16-28-36,1694449716,1948.5090734958649,74487,84233402a856,172.17.0.2,1948.5090734958649,1,307,1.6596529705495862,3,5,13,59,"/home/darlinne.soto/ray_results/convtae_realworld_waist/my_objective_function_91f6fddc_16_latent_dim=307,model_lamda=1.6597,num_CL=3,num_HL=5,size_CL=13,size_HL=59_2023-09-11_15-56-07"
16,0.6516181229773463,1849.4643144607544,True,1,9fbafe62,2023-09-11_16-34-20,1694450060,1849.4643144607544,73870,84233402a856,172.17.0.2,1849.4643144607544,1,191,0.9889876993513265,2,4,4,130,"/home/darlinne.soto/ray_results/convtae_realworld_waist/my_objective_function_9fbafe62_17_latent_dim=191,model_lamda=0.9890,num_CL=2,num_HL=4,size_CL=4,size_HL=130_2023-09-11_16-03-30"
17,0.7322545846817692,1064.044067621231,False,1,17f1439a,2023-09-11_16-34-54,1694450094,1064.044067621231,73628,84233402a856,172.17.0.2,1064.044067621231,1,59,1.907650498833551,3,3,24,69,"/home/darlinne.soto/ray_results/convtae_realworld_waist/my_objective_function_17f1439a_18_latent_dim=59,model_lamda=1.9077,num_CL=3,num_HL=3,size_CL=24,size_HL=69_2023-09-11_16-17-10"
18,0.6329018338727077,1512.0153918266296,True,1,f7abe577,2023-09-11_16-53-48,1694451228,1512.0153918266296,74487,84233402a856,172.17.0.2,1512.0153918266296,1,229,1.2331678910744102,7,6,10,44,"/home/darlinne.soto/ray_results/convtae_realworld_waist/my_objective_function_f7abe577_19_latent_dim=229,model_lamda=1.2332,num_CL=7,num_HL=6,size_CL=10,size_HL=44_2023-09-11_16-28-36"
19,0.6408845738942827,1038.5211279392242,True,1,da3189ab,2023-09-11_16-51-39,1694451099,1038.5211279392242,73870,84233402a856,172.17.0.2,1038.5211279392242,1,141,1.0970717085880108,3,4,20,136,"/home/darlinne.soto/ray_results/convtae_realworld_waist/my_objective_function_da3189ab_20_latent_dim=141,model_lamda=1.0971,num_CL=3,num_HL=4,size_CL=20,size_HL=136_2023-09-11_16-34-20"
20,0.7180690399137001,746.4567286968231,False,1,15396b27,2023-09-11_16-47-21,1694450841,746.4567286968231,73628,84233402a856,172.17.0.2,746.4567286968231,1,17,0.5122373100568869,2,2,21,104,"/home/darlinne.soto/ray_results/convtae_realworld_waist/my_objective_function_15396b27_21_latent_dim=17,model_lamda=0.5122,num_CL=2,num_HL=2,size_CL=21,size_HL=104_2023-09-11_16-34-54"
21,0.7108953613807982,688.9922568798065,False,1,9ebc37de,2023-09-11_16-52-09,1694451129,688.9922568798065,74612,84233402a856,172.17.0.2,688.9922568798065,1,23,1.42493410583094,2,2,7,118,"/home/darlinne.soto/ray_results/convtae_realworld_waist/my_objective_function_9ebc37de_22_latent_dim=23,model_lamda=1.4249,num_CL=2,num_HL=2,size_CL=7,size_HL=118_2023-09-11_16-40-39"
22,0.7175836030204963,1359.699368238449,False,1,9c3632e5,2023-09-11_17-10-01,1694452201,1359.699368238449,73628,84233402a856,172.17.0.2,1359.699368238449,1,39,0.44372608081218323,4,3,31,35,"/home/darlinne.soto/ray_results/convtae_realworld_waist/my_objective_function_9c3632e5_23_latent_dim=39,model_lamda=0.4437,num_CL=4,num_HL=3,size_CL=31,size_HL=35_2023-09-11_16-47-21"
23,0.6898597626752967,2598.4012966156006,True,1,bf2ef1f3,2023-09-11_17-34-57,1694453697,2598.4012966156006,73870,84233402a856,172.17.0.2,2598.4012966156006,1,102,1.5524095918329692,8,3,22,95,"/home/darlinne.soto/ray_results/convtae_realworld_waist/my_objective_function_bf2ef1f3_24_latent_dim=102,model_lamda=1.5524,num_CL=8,num_HL=3,size_CL=22,size_HL=95_2023-09-11_16-51-39"
24,0.7131067961165048,943.6978893280028,False,1,e3136a05,2023-09-11_17-07-53,1694452073,943.6978893280028,74612,84233402a856,172.17.0.2,943.6978893280028,1,62,0.00864291042770593,2,3,16,148,"/home/darlinne.soto/ray_results/convtae_realworld_waist/my_objective_function_e3136a05_25_latent_dim=62,model_lamda=0.0086,num_CL=2,num_HL=3,size_CL=16,size_HL=148_2023-09-11_16-52-09"
25,0.684304207119741,804.8728513717651,True,1,02dd91e9,2023-09-11_17-07-13,1694452033,804.8728513717651,74487,84233402a856,172.17.0.2,804.8728513717651,1,111,0.8315004001158361,3,2,18,74,"/home/darlinne.soto/ray_results/convtae_realworld_waist/my_objective_function_02dd91e9_26_latent_dim=111,model_lamda=0.8315,num_CL=3,num_HL=2,size_CL=18,size_HL=74_2023-09-11_16-53-48"
26,0.7254584681769147,2866.606287717819,False,1,e64eb95e,2023-09-11_17-52-02,1694454722,2866.606287717819,74116,84233402a856,172.17.0.2,2866.606287717819,1,63,0.6017414247613948,2,3,32,71,"/home/darlinne.soto/ray_results/convtae_realworld_waist/my_objective_function_e64eb95e_27_latent_dim=63,model_lamda=0.6017,num_CL=2,num_HL=3,size_CL=32,size_HL=71_2023-09-11_17-04-15"
27,0.6839805825242719,1354.5684015750885,True,1,fb314f66,2023-09-11_17-29-48,1694453388,1354.5684015750885,74487,84233402a856,172.17.0.2,1354.5684015750885,1,11,0.3415330047532401,4,5,23,112,"/home/darlinne.soto/ray_results/convtae_realworld_waist/my_objective_function_fb314f66_28_latent_dim=11,model_lamda=0.3415,num_CL=4,num_HL=5,size_CL=23,size_HL=112_2023-09-11_17-07-13"
28,0.6857605177993528,1217.5256934165957,True,1,c1fefc4d,2023-09-11_17-28-10,1694453290,1217.5256934165957,74612,84233402a856,172.17.0.2,1217.5256934165957,1,122,0.7638412228102878,4,2,9,83,"/home/darlinne.soto/ray_results/convtae_realworld_waist/my_objective_function_c1fefc4d_29_latent_dim=122,model_lamda=0.7638,num_CL=4,num_HL=2,size_CL=9,size_HL=83_2023-09-11_17-07-53"
29,0.6090614886731391,2921.240298271179,True,1,77c67f4a,2023-09-11_17-58-42,1694455122,2921.240298271179,73628,84233402a856,172.17.0.2,2921.240298271179,1,77,1.955564844726875,5,3,27,22,"/home/darlinne.soto/ray_results/convtae_realworld_waist/my_objective_function_77c67f4a_30_latent_dim=77,model_lamda=1.9556,num_CL=5,num_HL=3,size_CL=27,size_HL=22_2023-09-11_17-10-01"
30,0.6807443365695793,1336.525351047516,True,1,137c1e71,2023-09-11_17-50-27,1694454627,1336.525351047516,74612,84233402a856,172.17.0.2,1336.525351047516,1,45,0.6451753537818083,3,4,7,96,"/home/darlinne.soto/ray_results/convtae_realworld_waist/my_objective_function_137c1e71_31_latent_dim=45,model_lamda=0.6452,num_CL=3,num_HL=4,size_CL=7,size_HL=96_2023-09-11_17-28-10"
31,0.5457928802588997,1277.9828398227692,True,1,6c7943ec,2023-09-11_17-51-06,1694454666,1277.9828398227692,74487,84233402a856,172.17.0.2,1277.9828398227692,1,174,0.9932627347706572,2,5,30,66,"/home/darlinne.soto/ray_results/convtae_realworld_waist/my_objective_function_6c7943ec_32_latent_dim=174,model_lamda=0.9933,num_CL=2,num_HL=5,size_CL=30,size_HL=66_2023-09-11_17-29-48"
32,0.7125134843581445,927.8461666107178,False,1,6f1dacad,2023-09-11_17-50-25,1694454625,927.8461666107178,73870,84233402a856,172.17.0.2,927.8461666107178,1,5,1.400941441692045,3,4,23,89,"/home/darlinne.soto/ray_results/convtae_realworld_waist/my_objective_function_6f1dacad_33_latent_dim=5,model_lamda=1.4009,num_CL=3,num_HL=4,size_CL=23,size_HL=89_2023-09-11_17-34-58"
33,0.4962783171521036,1270.14554977417,True,1,dc7d0871,2023-09-11_18-11-36,1694455896,1270.14554977417,73870,84233402a856,172.17.0.2,1270.14554977417,1,359,0.26482293417563496,2,2,20,39,"/home/darlinne.soto/ray_results/convtae_realworld_waist/my_objective_function_dc7d0871_34_latent_dim=359,model_lamda=0.2648,num_CL=2,num_HL=2,size_CL=20,size_HL=39_2023-09-11_17-50-26"
34,0.6826860841423948,1178.3194077014923,True,1,cdadf8f6,2023-09-11_18-10-06,1694455806,1178.3194077014923,74612,84233402a856,172.17.0.2,1178.3194077014923,1,260,0.0022927821235041446,4,3,25,104,"/home/darlinne.soto/ray_results/convtae_realworld_waist/my_objective_function_cdadf8f6_35_latent_dim=260,model_lamda=0.0023,num_CL=4,num_HL=3,size_CL=25,size_HL=104_2023-09-11_17-50-27"
35,0.6778317152103559,973.9251220226288,True,1,1e53cea8,2023-09-11_18-07-21,1694455641,973.9251220226288,74487,84233402a856,172.17.0.2,973.9251220226288,1,121,0.9375709976116932,5,4,12,122,"/home/darlinne.soto/ray_results/convtae_realworld_waist/my_objective_function_1e53cea8_36_latent_dim=121,model_lamda=0.9376,num_CL=5,num_HL=4,size_CL=12,size_HL=122_2023-09-11_17-51-07"
36,0.6563106796116506,1431.8393731117249,True,1,b8770a90,2023-09-11_18-15-54,1694456154,1431.8393731117249,74116,84233402a856,172.17.0.2,1431.8393731117249,1,71,0.5104474046107648,2,3,32,70,"/home/darlinne.soto/ray_results/convtae_realworld_waist/my_objective_function_b8770a90_37_latent_dim=71,model_lamda=0.5104,num_CL=2,num_HL=3,size_CL=32,size_HL=70_2023-09-11_17-52-02"
37,0.6883495145631068,1749.2220830917358,True,1,ed12309f,2023-09-11_18-27-52,1694456872,1749.2220830917358,73628,84233402a856,172.17.0.2,1749.2220830917358,1,27,0.6828670331666584,7,2,28,34,"/home/darlinne.soto/ray_results/convtae_realworld_waist/my_objective_function_ed12309f_38_latent_dim=27,model_lamda=0.6829,num_CL=7,num_HL=2,size_CL=28,size_HL=34_2023-09-11_17-58-42"
38,0.605393743257821,1792.853939294815,True,1,4ff08261,2023-09-11_18-37-14,1694457434,1792.853939294815,74487,84233402a856,172.17.0.2,1792.853939294815,1,51,0.13249170743168986,3,8,32,48,"/home/darlinne.soto/ray_results/convtae_realworld_waist/my_objective_function_4ff08261_39_latent_dim=51,model_lamda=0.1325,num_CL=3,num_HL=8,size_CL=32,size_HL=48_2023-09-11_18-07-21"
39,0.6661812297734627,772.7585308551788,True,1,1ca10e6c,2023-09-11_18-22-59,1694456579,772.7585308551788,74612,84233402a856,172.17.0.2,772.7585308551788,1,92,1.3097319654965862,2,7,30,79,"/home/darlinne.soto/ray_results/convtae_realworld_waist/my_objective_function_1ca10e6c_40_latent_dim=92,model_lamda=1.3097,num_CL=2,num_HL=7,size_CL=30,size_HL=79_2023-09-11_18-10-06"
40,0.6928802588996763,1170.0507538318634,True,1,55c5c609,2023-09-11_18-31-06,1694457066,1170.0507538318634,73870,84233402a856,172.17.0.2,1170.0507538318634,1,229,1.5118505306740553,3,3,25,64,"/home/darlinne.soto/ray_results/convtae_realworld_waist/my_objective_function_55c5c609_41_latent_dim=229,model_lamda=1.5119,num_CL=3,num_HL=3,size_CL=25,size_HL=64_2023-09-11_18-11-36"
41,0.6862998921251349,5459.225070476532,True,1,a8dc4b09,2023-09-11_19-46-54,1694461614,5459.225070476532,74116,84233402a856,172.17.0.2,5459.225070476532,1,200,1.679808432803209,8,5,27,53,"/home/darlinne.soto/ray_results/convtae_realworld_waist/my_objective_function_a8dc4b09_42_latent_dim=200,model_lamda=1.6798,num_CL=8,num_HL=5,size_CL=27,size_HL=53_2023-09-11_18-15-55"
42,0.6627292340884573,1544.660829782486,True,1,1e9fe477,2023-09-11_18-48-44,1694458124,1544.660829782486,74612,84233402a856,172.17.0.2,1544.660829782486,1,336,1.8905776087945143,4,2,24,89,"/home/darlinne.soto/ray_results/convtae_realworld_waist/my_objective_function_1e9fe477_43_latent_dim=336,model_lamda=1.8906,num_CL=4,num_HL=2,size_CL=24,size_HL=89_2023-09-11_18-22-59"
43,0.6400755124056096,3211.80340385437,True,1,8db4d1cd,2023-09-11_19-21-24,1694460084,3211.80340385437,73628,84233402a856,172.17.0.2,3211.80340385437,1,161,1.0916343270364264,6,3,29,64,"/home/darlinne.soto/ray_results/convtae_realworld_waist/my_objective_function_8db4d1cd_44_latent_dim=161,model_lamda=1.0916,num_CL=6,num_HL=3,size_CL=29,size_HL=64_2023-09-11_18-27-52"
44,0.6656418554476806,1065.4262182712555,True,1,7d04f57e,2023-09-11_18-48-52,1694458132,1065.4262182712555,73870,84233402a856,172.17.0.2,1065.4262182712555,1,272,0.5636288836700754,4,4,31,104,"/home/darlinne.soto/ray_results/convtae_realworld_waist/my_objective_function_7d04f57e_45_latent_dim=272,model_lamda=0.5636,num_CL=4,num_HL=4,size_CL=31,size_HL=104_2023-09-11_18-31-06"
45,0.6453074433656958,2411.0108294487,True,1,ae10ca67,2023-09-11_19-17-25,1694459845,2411.0108294487,74487,84233402a856,172.17.0.2,2411.0108294487,1,82,0.778053849218038,3,2,26,30,"/home/darlinne.soto/ray_results/convtae_realworld_waist/my_objective_function_ae10ca67_46_latent_dim=82,model_lamda=0.7781,num_CL=3,num_HL=2,size_CL=26,size_HL=30_2023-09-11_18-37-14"
46,0.6444983818770227,2320.534679174423,True,1,e8a139f1,2023-09-11_19-27-24,1694460444,2320.534679174423,74612,84233402a856,172.17.0.2,2320.534679174423,1,60,0.28641424069125576,6,5,18,43,"/home/darlinne.soto/ray_results/convtae_realworld_waist/my_objective_function_e8a139f1_47_latent_dim=60,model_lamda=0.2864,num_CL=6,num_HL=5,size_CL=18,size_HL=43_2023-09-11_18-48-44"
47,0.5662891046386193,2259.2838909626007,True,1,2b0a2531,2023-09-11_19-26-31,1694460391,2259.2838909626007,73870,84233402a856,172.17.0.2,2259.2838909626007,1,35,0.1941434001511585,5,7,22,72,"/home/darlinne.soto/ray_results/convtae_realworld_waist/my_objective_function_2b0a2531_48_latent_dim=35,model_lamda=0.1941,num_CL=5,num_HL=7,size_CL=22,size_HL=72_2023-09-11_18-48-52"
48,0.6774541531823085,3461.843052148819,True,1,2c4aee8d,2023-09-11_20-15-07,1694463307,3461.843052148819,74487,84233402a856,172.17.0.2,3461.843052148819,1,134,0.8865523074317001,2,4,29,53,"/home/darlinne.soto/ray_results/convtae_realworld_waist/my_objective_function_2c4aee8d_49_latent_dim=134,model_lamda=0.8866,num_CL=2,num_HL=4,size_CL=29,size_HL=53_2023-09-11_19-17-25"
49,0.7249730312837109,1610.0228958129885,False,1,f4145a0a,2023-09-11_19-48-14,1694461694,1610.0228958129885,73628,84233402a856,172.17.0.2,1610.0228958129885,1,204,0.4264387603083546,3,3,16,61,"/home/darlinne.soto/ray_results/convtae_realworld_waist/my_objective_function_f4145a0a_50_latent_dim=204,model_lamda=0.4264,num_CL=3,num_HL=3,size_CL=16,size_HL=61_2023-09-11_19-21-24"
50,0.7381337648327939,2276.6307797431946,False,1,1447c99b,2023-09-11_20-04-28,1694462668,2276.6307797431946,73870,84233402a856,172.17.0.2,2276.6307797431946,1,157,1.7294466606009027,2,2,2,80,"/home/darlinne.soto/ray_results/convtae_realworld_waist/my_objective_function_1447c99b_51_latent_dim=157,model_lamda=1.7294,num_CL=2,num_HL=2,size_CL=2,size_HL=80_2023-09-11_19-26-31"
51,0.5403991370010788,843.5010249614716,True,1,e9fbf83a,2023-09-11_19-41-28,1694461288,843.5010249614716,74612,84233402a856,172.17.0.2,843.5010249614716,1,3,1.056945461356656,5,6,24,89,"/home/darlinne.soto/ray_results/convtae_realworld_waist/my_objective_function_e9fbf83a_52_latent_dim=3,model_lamda=1.0569,num_CL=5,num_HL=6,size_CL=24,size_HL=89_2023-09-11_19-27-24"
52,0.6162891046386193,2829.8293178081512,True,1,d04cd676,2023-09-11_20-28-38,1694464118,2829.8293178081512,74612,84233402a856,172.17.0.2,2829.8293178081512,1,107,1.2688267687170325,7,4,21,68,"/home/darlinne.soto/ray_results/convtae_realworld_waist/my_objective_function_d04cd676_53_latent_dim=107,model_lamda=1.2688,num_CL=7,num_HL=4,size_CL=21,size_HL=68_2023-09-11_19-41-28"
53,0.7416396979503777,1669.8328714370728,False,1,92cf33f9,2023-09-11_20-14-44,1694463284,1669.8328714370728,74116,84233402a856,172.17.0.2,1669.8328714370728,1,283,1.5794910312544859,4,3,26,100,"/home/darlinne.soto/ray_results/convtae_realworld_waist/my_objective_function_92cf33f9_54_latent_dim=283,model_lamda=1.5795,num_CL=4,num_HL=3,size_CL=26,size_HL=100_2023-09-11_19-46-54"
54,0.6176914778856527,1579.5743701457975,True,1,9bca2afd,2023-09-11_20-14-34,1694463274,1579.5743701457975,73628,84233402a856,172.17.0.2,1579.5743701457975,1,130,1.9976391759866108,2,5,14,110,"/home/darlinne.soto/ray_results/convtae_realworld_waist/my_objective_function_9bca2afd_55_latent_dim=130,model_lamda=1.9976,num_CL=2,num_HL=5,size_CL=14,size_HL=110_2023-09-11_19-48-15"
55,0.6979503775620279,1305.8683269023895,False,1,271475b7,2023-09-11_20-26-14,1694463974,1305.8683269023895,73870,84233402a856,172.17.0.2,1305.8683269023895,1,163,1.7803945435419302,3,2,9,77,"/home/darlinne.soto/ray_results/convtae_realworld_waist/my_objective_function_271475b7_56_latent_dim=163,model_lamda=1.7804,num_CL=3,num_HL=2,size_CL=9,size_HL=77_2023-09-11_20-04-28"
56,0.6786407766990292,1835.3438756465912,True,1,1b63b3e7,2023-09-11_20-45-10,1694465110,1835.3438756465912,73628,84233402a856,172.17.0.2,1835.3438756465912,1,237,1.6966996775202439,4,2,19,80,"/home/darlinne.soto/ray_results/convtae_realworld_waist/my_objective_function_1b63b3e7_57_latent_dim=237,model_lamda=1.6967,num_CL=4,num_HL=2,size_CL=19,size_HL=80_2023-09-11_20-14-35"
57,0.7149946062567422,3116.614485502243,False,1,3f537a72,2023-09-11_21-06-41,1694466401,3116.614485502243,74116,84233402a856,172.17.0.2,3116.614485502243,1,283,1.5456895097731473,6,2,6,140,"/home/darlinne.soto/ray_results/convtae_realworld_waist/my_objective_function_3f537a72_58_latent_dim=283,model_lamda=1.5457,num_CL=6,num_HL=2,size_CL=6,size_HL=140_2023-09-11_20-14-44"
58,0.7264293419633227,1623.962958574295,False,1,d7751a25,2023-09-11_20-42-12,1694464932,1623.962958574295,74487,84233402a856,172.17.0.2,1623.962958574295,1,325,1.6064202086901913,5,2,2,127,"/home/darlinne.soto/ray_results/convtae_realworld_waist/my_objective_function_d7751a25_59_latent_dim=325,model_lamda=1.6064,num_CL=5,num_HL=2,size_CL=2,size_HL=127_2023-09-11_20-15-08"
59,0.5921790722761597,2307.016160964966,True,1,346421cf,2023-09-11_21-04-42,1694466282,2307.016160964966,73870,84233402a856,172.17.0.2,2307.016160964966,1,288,1.812273821971384,4,6,4,146,"/home/darlinne.soto/ray_results/convtae_realworld_waist/my_objective_function_346421cf_60_latent_dim=288,model_lamda=1.8123,num_CL=4,num_HL=6,size_CL=4,size_HL=146_2023-09-11_20-26-15"
60,0.4598166127292341,2527.0370512008667,True,1,511889ee,2023-09-11_21-10-45,1694466645,2527.0370512008667,74612,84233402a856,172.17.0.2,2527.0370512008667,1,246,1.3360452318220966,6,8,11,108,"/home/darlinne.soto/ray_results/convtae_realworld_waist/my_objective_function_511889ee_61_latent_dim=246,model_lamda=1.3360,num_CL=6,num_HL=8,size_CL=11,size_HL=108_2023-09-11_20-28-38"
61,0.7055016181229774,5699.592395544052,True,1,ab94520b,2023-09-11_22-17-12,1694470632,5699.592395544052,74487,84233402a856,172.17.0.2,5699.592395544052,1,350,1.446146205916052,7,3,2,117,"/home/darlinne.soto/ray_results/convtae_realworld_waist/my_objective_function_ab94520b_62_latent_dim=350,model_lamda=1.4461,num_CL=7,num_HL=3,size_CL=2,size_HL=117_2023-09-11_20-42-12"
62,0.6321467098166126,1541.002779006958,True,1,12032baf,2023-09-11_21-10-51,1694466651,1541.002779006958,73628,84233402a856,172.17.0.2,1541.002779006958,1,212,1.1965875568643842,5,4,5,101,"/home/darlinne.soto/ray_results/convtae_realworld_waist/my_objective_function_12032baf_63_latent_dim=212,model_lamda=1.1966,num_CL=5,num_HL=4,size_CL=5,size_HL=101_2023-09-11_20-45-10"
63,0.6898058252427185,1830.9763553142548,True,1,b45a9fbb,2023-09-11_21-35-13,1694468113,1830.9763553142548,73870,84233402a856,172.17.0.2,1830.9763553142548,1,313,1.87854012605416,8,2,16,94,"/home/darlinne.soto/ray_results/convtae_realworld_waist/my_objective_function_b45a9fbb_64_latent_dim=313,model_lamda=1.8785,num_CL=8,num_HL=2,size_CL=16,size_HL=94_2023-09-11_21-04-42"
64,0.7311758360302049,1786.8709309101105,False,1,d21a791f,2023-09-11_21-36-28,1694468188,1786.8709309101105,74116,84233402a856,172.17.0.2,1786.8709309101105,1,147,1.7344503364621113,4,3,14,99,"/home/darlinne.soto/ray_results/convtae_realworld_waist/my_objective_function_d21a791f_65_latent_dim=147,model_lamda=1.7345,num_CL=4,num_HL=3,size_CL=14,size_HL=99_2023-09-11_21-06-41"
65,0.7367853290183387,1205.706368684769,False,1,5690fa1b,2023-09-11_21-30-51,1694467851,1205.706368684769,74612,84233402a856,172.17.0.2,1205.706368684769,1,178,1.9339164643675837,3,3,26,85,"/home/darlinne.soto/ray_results/convtae_realworld_waist/my_objective_function_5690fa1b_66_latent_dim=178,model_lamda=1.9339,num_CL=3,num_HL=3,size_CL=26,size_HL=85_2023-09-11_21-10-46"
66,0.6650485436893204,1283.3133018016815,True,1,735ac548,2023-09-11_21-32-15,1694467935,1283.3133018016815,73628,84233402a856,172.17.0.2,1283.3133018016815,1,150,1.6118279818809802,2,2,23,92,"/home/darlinne.soto/ray_results/convtae_realworld_waist/my_objective_function_735ac548_67_latent_dim=150,model_lamda=1.6118,num_CL=2,num_HL=2,size_CL=23,size_HL=92_2023-09-11_21-10-51"
67,0.6042071197411003,2315.7841551303864,True,1,9ef34fb3,2023-09-11_22-09-27,1694470167,2315.7841551303864,74612,84233402a856,172.17.0.2,2315.7841551303864,1,188,1.9998051060208202,3,3,27,84,"/home/darlinne.soto/ray_results/convtae_realworld_waist/my_objective_function_9ef34fb3_68_latent_dim=188,model_lamda=1.9998,num_CL=3,num_HL=3,size_CL=27,size_HL=84_2023-09-11_21-30-51"
68,0.6775620280474649,3002.5056216716766,True,1,e3e56410,2023-09-11_22-22-18,1694470938,3002.5056216716766,73628,84233402a856,172.17.0.2,3002.5056216716766,1,179,1.9364898099982373,4,3,26,121,"/home/darlinne.soto/ray_results/convtae_realworld_waist/my_objective_function_e3e56410_69_latent_dim=179,model_lamda=1.9365,num_CL=4,num_HL=3,size_CL=26,size_HL=121_2023-09-11_21-32-15"
69,0.6537756202804748,1294.5175898075104,True,1,4da7ac4c,2023-09-11_21-56-48,1694469408,1294.5175898075104,73870,84233402a856,172.17.0.2,1294.5175898075104,1,170,1.4643231984542622,3,4,21,115,"/home/darlinne.soto/ray_results/convtae_realworld_waist/my_objective_function_4da7ac4c_70_latent_dim=170,model_lamda=1.4643,num_CL=3,num_HL=4,size_CL=21,size_HL=115_2023-09-11_21-35-13"
70,0.7476267529665588,1435.3298196792605,False,1,ce973c39,2023-09-11_22-00-24,1694469624,1435.3298196792605,74116,84233402a856,172.17.0.2,1435.3298196792605,1,250,1.8174363960447866,2,2,19,86,"/home/darlinne.soto/ray_results/convtae_realworld_waist/my_objective_function_ce973c39_71_latent_dim=250,model_lamda=1.8174,num_CL=2,num_HL=2,size_CL=19,size_HL=86_2023-09-11_21-36-28"
71,0.6642394822006472,1480.1838586330414,True,1,8a35078e,2023-09-11_22-21-28,1694470888,1480.1838586330414,73870,84233402a856,172.17.0.2,1480.1838586330414,1,222,1.7524610825934521,4,3,30,99,"/home/darlinne.soto/ray_results/convtae_realworld_waist/my_objective_function_8a35078e_72_latent_dim=222,model_lamda=1.7525,num_CL=4,num_HL=3,size_CL=30,size_HL=99_2023-09-11_21-56-48"
72,0.7433656957928803,1377.9945907592771,False,1,983c4135,2023-09-11_22-23-22,1694471002,1377.9945907592771,74116,84233402a856,172.17.0.2,1377.9945907592771,1,258,1.6095284273954351,2,2,18,108,"/home/darlinne.soto/ray_results/convtae_realworld_waist/my_objective_function_983c4135_73_latent_dim=258,model_lamda=1.6095,num_CL=2,num_HL=2,size_CL=18,size_HL=108_2023-09-11_22-00-24"
73,0.7385113268608414,1203.410628080368,False,1,6d0574c3,2023-09-11_22-29-31,1694471371,1203.410628080368,74612,84233402a856,172.17.0.2,1203.410628080368,1,245,1.8415159981048133,2,2,13,92,"/home/darlinne.soto/ray_results/convtae_realworld_waist/my_objective_function_6d0574c3_74_latent_dim=245,model_lamda=1.8415,num_CL=2,num_HL=2,size_CL=13,size_HL=92_2023-09-11_22-09-27"
74,0.6371089536138079,1881.6830523014069,True,1,e60d77fe,2023-09-11_22-48-34,1694472514,1881.6830523014069,74487,84233402a856,172.17.0.2,1881.6830523014069,1,289,1.3647986974629347,2,2,17,74,"/home/darlinne.soto/ray_results/convtae_realworld_waist/my_objective_function_e60d77fe_75_latent_dim=289,model_lamda=1.3648,num_CL=2,num_HL=2,size_CL=17,size_HL=74_2023-09-11_22-17-12"
75,0.6787486515641856,1558.9782495498655,True,1,6bdb69e3,2023-09-11_22-47-28,1694472448,1558.9782495498655,73870,84233402a856,172.17.0.2,1558.9782495498655,1,270,1.4807447482623848,2,2,20,133,"/home/darlinne.soto/ray_results/convtae_realworld_waist/my_objective_function_6bdb69e3_76_latent_dim=270,model_lamda=1.4807,num_CL=2,num_HL=2,size_CL=20,size_HL=133_2023-09-11_22-21-29"
76,0.7194714131607336,1464.8942279815674,False,1,6e0c974e,2023-09-11_22-46-43,1694472403,1464.8942279815674,73628,84233402a856,172.17.0.2,1464.8942279815674,1,296,1.1504729267390723,3,2,8,80,"/home/darlinne.soto/ray_results/convtae_realworld_waist/my_objective_function_6e0c974e_77_latent_dim=296,model_lamda=1.1505,num_CL=3,num_HL=2,size_CL=8,size_HL=80_2023-09-11_22-22-18"
77,0.7051779935275081,1890.0072543621063,True,1,22b92ea8,2023-09-11_22-54-52,1694472892,1890.0072543621063,74116,84233402a856,172.17.0.2,1890.0072543621063,1,325,1.613748766286593,2,3,18,107,"/home/darlinne.soto/ray_results/convtae_realworld_waist/my_objective_function_22b92ea8_78_latent_dim=325,model_lamda=1.6137,num_CL=2,num_HL=3,size_CL=18,size_HL=107_2023-09-11_22-23-22"
78,0.6150485436893203,3042.405745029449,True,1,c25e28bc,2023-09-11_23-20-14,1694474414,3042.405745029449,74612,84233402a856,172.17.0.2,3042.405745029449,1,265,1.2699433158698483,2,2,19,127,"/home/darlinne.soto/ray_results/convtae_realworld_waist/my_objective_function_c25e28bc_79_latent_dim=265,model_lamda=1.2699,num_CL=2,num_HL=2,size_CL=19,size_HL=127_2023-09-11_22-29-31"
79,0.6258360302049623,2515.360479593277,True,1,5b4fb546,2023-09-11_23-28-39,1694474919,2515.360479593277,73628,84233402a856,172.17.0.2,2515.360479593277,1,252,1.8093483997874593,3,4,15,120,"/home/darlinne.soto/ray_results/convtae_realworld_waist/my_objective_function_5b4fb546_80_latent_dim=252,model_lamda=1.8093,num_CL=3,num_HL=4,size_CL=15,size_HL=120_2023-09-11_22-46-43"
80,0.7492448759439051,2105.0438277721405,False,1,e5fda9cd,2023-09-11_23-22-33,1694474553,2105.0438277721405,73870,84233402a856,172.17.0.2,2105.0438277721405,1,346,1.568655491148068,5,2,22,112,"/home/darlinne.soto/ray_results/convtae_realworld_waist/my_objective_function_e5fda9cd_81_latent_dim=346,model_lamda=1.5687,num_CL=5,num_HL=2,size_CL=22,size_HL=112_2023-09-11_22-47-28"
81,0.6751348435814455,2850.439126968384,True,1,0dae24cb,2023-09-11_23-36-04,1694475364,2850.439126968384,74487,84233402a856,172.17.0.2,2850.439126968384,1,274,1.671514790685725,4,3,12,123,"/home/darlinne.soto/ray_results/convtae_realworld_waist/my_objective_function_0dae24cb_82_latent_dim=274,model_lamda=1.6715,num_CL=4,num_HL=3,size_CL=12,size_HL=123_2023-09-11_22-48-34"
82,0.6612729234088457,2367.421333551407,True,1,24b3aabd,2023-09-11_23-34-20,1694475260,2367.421333551407,74116,84233402a856,172.17.0.2,2367.421333551407,1,337,1.1307181842684946,3,6,20,140,"/home/darlinne.soto/ray_results/convtae_realworld_waist/my_objective_function_24b3aabd_83_latent_dim=337,model_lamda=1.1307,num_CL=3,num_HL=6,size_CL=20,size_HL=140_2023-09-11_22-54-52"
83,0.6520496224379719,1453.0611641407013,True,1,4a77d659,2023-09-11_23-44-27,1694475867,1453.0611641407013,74612,84233402a856,172.17.0.2,1453.0611641407013,1,233,1.518711636505431,2,2,17,88,"/home/darlinne.soto/ray_results/convtae_realworld_waist/my_objective_function_4a77d659_84_latent_dim=233,model_lamda=1.5187,num_CL=2,num_HL=2,size_CL=17,size_HL=88_2023-09-11_23-20-14"
84,0.5768608414239482,2492.8195617198944,True,1,86af55ad,2023-09-12_00-04-06,1694477046,2492.8195617198944,73870,84233402a856,172.17.0.2,2492.8195617198944,1,357,1.035894329549067,6,7,15,114,"/home/darlinne.soto/ray_results/convtae_realworld_waist/my_objective_function_86af55ad_85_latent_dim=357,model_lamda=1.0359,num_CL=6,num_HL=7,size_CL=15,size_HL=114_2023-09-11_23-22-33"
85,0.7761596548004316,2455.927920818329,False,1,11274678,2023-09-12_00-09-35,1694477375,2455.927920818329,73628,84233402a856,172.17.0.2,2455.927920818329,1,311,1.3912070284168532,5,2,22,131,"/home/darlinne.soto/ray_results/convtae_realworld_waist/my_objective_function_11274678_86_latent_dim=311,model_lamda=1.3912,num_CL=5,num_HL=2,size_CL=22,size_HL=131_2023-09-11_23-28-39"
86,0.6850053937432579,1823.047765493393,True,1,c6f2a803,2023-09-12_00-04-43,1694477083,1823.047765493393,74116,84233402a856,172.17.0.2,1823.047765493393,1,301,1.644082456257976,5,2,19,124,"/home/darlinne.soto/ray_results/convtae_realworld_waist/my_objective_function_c6f2a803_87_latent_dim=301,model_lamda=1.6441,num_CL=5,num_HL=2,size_CL=19,size_HL=124_2023-09-11_23-34-20"
87,0.5571736785329019,5682.4158346652985,True,1,26c8f6a4,2023-09-12_01-10-47,1694481047,5682.4158346652985,74487,84233402a856,172.17.0.2,5682.4158346652985,1,342,1.876236388359747,6,8,24,136,"/home/darlinne.soto/ray_results/convtae_realworld_waist/my_objective_function_26c8f6a4_88_latent_dim=342,model_lamda=1.8762,num_CL=6,num_HL=8,size_CL=24,size_HL=136_2023-09-11_23-36-04"
88,0.6757281553398058,2044.5230333805084,True,1,4b8d3779,2023-09-12_00-18-32,1694477912,2044.5230333805084,74612,84233402a856,172.17.0.2,2044.5230333805084,1,194,1.2188794952052406,5,3,21,106,"/home/darlinne.soto/ray_results/convtae_realworld_waist/my_objective_function_4b8d3779_89_latent_dim=194,model_lamda=1.2189,num_CL=5,num_HL=3,size_CL=21,size_HL=106_2023-09-11_23-44-27"
89,0.7631607335490832,1947.197483062744,False,1,7d6dbd24,2023-09-12_00-36-34,1694478994,1947.197483062744,73870,84233402a856,172.17.0.2,1947.197483062744,1,324,1.3041870437586758,7,2,13,144,"/home/darlinne.soto/ray_results/convtae_realworld_waist/my_objective_function_7d6dbd24_90_latent_dim=324,model_lamda=1.3042,num_CL=7,num_HL=2,size_CL=13,size_HL=144_2023-09-12_00-04-06"
90,0.7002157497303128,2138.737305402756,True,1,bb812a24,2023-09-12_00-40-22,1694479222,2138.737305402756,74116,84233402a856,172.17.0.2,2138.737305402756,1,210,1.9872278828262695,5,5,16,110,"/home/darlinne.soto/ray_results/convtae_realworld_waist/my_objective_function_bb812a24_91_latent_dim=210,model_lamda=1.9872,num_CL=5,num_HL=5,size_CL=16,size_HL=110_2023-09-12_00-04-43"
91,0.6908306364617045,2936.860731601715,True,1,77aead07,2023-09-12_00-58-32,1694480312,2936.860731601715,73628,84233402a856,172.17.0.2,2936.860731601715,1,309,0.8755957186858191,6,3,22,130,"/home/darlinne.soto/ray_results/convtae_realworld_waist/my_objective_function_77aead07_92_latent_dim=309,model_lamda=0.8756,num_CL=6,num_HL=3,size_CL=22,size_HL=130_2023-09-12_00-09-35"
92,0.509546925566343,1641.106531381607,True,1,f0b93730,2023-09-12_00-45-53,1694479553,1641.106531381607,74612,84233402a856,172.17.0.2,1641.106531381607,1,334,1.4199652965634728,5,7,23,131,"/home/darlinne.soto/ray_results/convtae_realworld_waist/my_objective_function_f0b93730_93_latent_dim=334,model_lamda=1.4200,num_CL=5,num_HL=7,size_CL=23,size_HL=131_2023-09-12_00-18-32"
93,0.6873786407766991,1665.4287631511688,True,1,681d6b6a,2023-09-12_01-04-19,1694480659,1665.4287631511688,73870,84233402a856,172.17.0.2,1665.4287631511688,1,321,0.9447116062927258,7,4,11,144,"/home/darlinne.soto/ray_results/convtae_realworld_waist/my_objective_function_681d6b6a_94_latent_dim=321,model_lamda=0.9447,num_CL=7,num_HL=4,size_CL=11,size_HL=144_2023-09-12_00-36-34"
94,0.6848435814455233,3751.532979249954,True,1,645f7fb0,2023-09-12_01-42-54,1694482974,3751.532979249954,74116,84233402a856,172.17.0.2,3751.532979249954,1,358,1.2949354797043273,7,2,10,147,"/home/darlinne.soto/ray_results/convtae_realworld_waist/my_objective_function_645f7fb0_95_latent_dim=358,model_lamda=1.2949,num_CL=7,num_HL=2,size_CL=10,size_HL=147_2023-09-12_00-40-22"
95,0.6507551240560949,1516.609927892685,True,1,4188d251,2023-09-12_01-11-10,1694481070,1516.609927892685,74612,84233402a856,172.17.0.2,1516.609927892685,1,349,0.9329609950079403,8,3,13,150,"/home/darlinne.soto/ray_results/convtae_realworld_waist/my_objective_function_4188d251_96_latent_dim=349,model_lamda=0.9330,num_CL=8,num_HL=3,size_CL=13,size_HL=150_2023-09-12_00-45-53"
96,0.7103020496224379,1952.0580432415009,False,1,a3558cce,2023-09-12_01-31-04,1694482264,1952.0580432415009,73628,84233402a856,172.17.0.2,1952.0580432415009,1,317,1.3327190364538564,8,2,25,140,"/home/darlinne.soto/ray_results/convtae_realworld_waist/my_objective_function_a3558cce_97_latent_dim=317,model_lamda=1.3327,num_CL=8,num_HL=2,size_CL=25,size_HL=140_2023-09-12_00-58-32"
97,0.6808522114347357,2110.010974884033,True,1,249be506,2023-09-12_01-39-29,1694482769,2110.010974884033,73870,84233402a856,172.17.0.2,2110.010974884033,1,278,0.8095937329743569,7,4,12,126,"/home/darlinne.soto/ray_results/convtae_realworld_waist/my_objective_function_249be506_98_latent_dim=278,model_lamda=0.8096,num_CL=7,num_HL=4,size_CL=12,size_HL=126_2023-09-12_01-04-19"
98,0.651294498381877,1681.4055886268616,True,1,55d486ec,2023-09-12_01-38-48,1694482728,1681.4055886268616,74487,84233402a856,172.17.0.2,1681.4055886268616,1,294,0.726274459942619,6,2,22,135,"/home/darlinne.soto/ray_results/convtae_realworld_waist/my_objective_function_55d486ec_99_latent_dim=294,model_lamda=0.7263,num_CL=6,num_HL=2,size_CL=22,size_HL=135_2023-09-12_01-10-47"
99,0.7303667745415319,1571.4564905166626,False,1,a0961245,2023-09-12_01-37-22,1694482642,1571.4564905166626,74612,84233402a856,172.17.0.2,1571.4564905166626,1,344,1.109553894070764,7,2,15,138,"/home/darlinne.soto/ray_results/convtae_realworld_waist/my_objective_function_a0961245_100_latent_dim=344,model_lamda=1.1096,num_CL=7,num_HL=2,size_CL=15,size_HL=138_2023-09-12_01-11-10"
100,0.6405609492988134,1256.9069018363953,True,1,b8661802,2023-09-12_01-52-02,1694483522,1256.9069018363953,73628,84233402a856,172.17.0.2,1256.9069018363953,1,307,1.379538014698943,6,5,29,150,"/home/darlinne.soto/ray_results/convtae_realworld_waist/my_objective_function_b8661802_101_latent_dim=307,model_lamda=1.3795,num_CL=6,num_HL=5,size_CL=29,size_HL=150_2023-09-12_01-31-05"
