,score,time_this_iter_s,done,training_iteration,trial_id,date,timestamp,time_total_s,pid,hostname,node_ip,time_since_restore,iterations_since_restore,config/down_HL,config/kernel_size,config/latent_dim,config/model_lamda,config/num_CL,config/num_HL,config/opt_lr,config/opt_wd,config/size_CL,config/size_HL,logdir
0,-13.891464472206238,3.4595367908477783,False,1,fc15411b,2023-09-16_18-12-07,1694887927,3.4595367908477783,66777,84233402a856,172.17.0.2,3.4595367908477783,1,7,4,132,1.4052788221435712,8,5,2.289265193951877e-06,9.444844860575591e-07,9,146,"/home/darlinne.soto/ray_results/convtae_wisdm/my_objective_function_fc15411b_1_down_HL=7,kernel_size=4,latent_dim=132,model_lamda=1.4053,num_CL=8,num_HL=5,opt_lr=0.0000,opt_wd=_2023-09-16_18-11-53"
1,-16.523921464823232,3.0116286277771,True,1,184517ca,2023-09-16_18-12-11,1694887931,3.0116286277771,66777,84233402a856,172.17.0.2,3.0116286277771,1,6,3,268,1.0797184853179744,7,3,0.00038232000042022637,9.353213491090579e-07,31,96,"/home/darlinne.soto/ray_results/convtae_wisdm/my_objective_function_184517ca_2_down_HL=6,kernel_size=3,latent_dim=268,model_lamda=1.0797,num_CL=7,num_HL=3,opt_lr=0.0004,opt_wd=_2023-09-16_18-12-04"
2,-13.20554316717369,2.428610324859619,False,1,ddbf169f,2023-09-16_18-12-13,1694887933,2.428610324859619,66777,84233402a856,172.17.0.2,2.428610324859619,1,15,2,102,0.8959225283510457,3,5,3.0226804085904893e-05,8.738905864808416e-07,24,128,"/home/darlinne.soto/ray_results/convtae_wisdm/my_objective_function_ddbf169f_3_down_HL=15,kernel_size=2,latent_dim=102,model_lamda=0.8959,num_CL=3,num_HL=5,opt_lr=0.0000,opt_wd_2023-09-16_18-12-08"
3,-15.951951890873644,2.35760498046875,True,1,0c5c2380,2023-09-16_18-12-16,1694887936,2.35760498046875,66777,84233402a856,172.17.0.2,2.35760498046875,1,6,7,253,0.12122574671088082,4,4,2.5589841553377855e-05,3.373110716292419e-07,24,66,"/home/darlinne.soto/ray_results/convtae_wisdm/my_objective_function_0c5c2380_4_down_HL=6,kernel_size=7,latent_dim=253,model_lamda=0.1212,num_CL=4,num_HL=4,opt_lr=0.0000,opt_wd=_2023-09-16_18-12-11"
4,-18.170841597938647,2.963665008544922,True,1,a022e988,2023-09-16_18-12-19,1694887939,2.963665008544922,66777,84233402a856,172.17.0.2,2.963665008544922,1,10,8,288,0.6859832432669983,3,8,0.00010641390189506996,2.307623041372635e-07,12,101,"/home/darlinne.soto/ray_results/convtae_wisdm/my_objective_function_a022e988_5_down_HL=10,kernel_size=8,latent_dim=288,model_lamda=0.6860,num_CL=3,num_HL=8,opt_lr=0.0001,opt_wd_2023-09-16_18-12-13"
5,-13.185115108329851,2.489449977874756,False,1,eca9b593,2023-09-16_18-12-21,1694887941,2.489449977874756,66777,84233402a856,172.17.0.2,2.489449977874756,1,14,7,80,1.2207105619587997,8,3,1.3648414693919901e-06,5.037153361361012e-07,9,36,"/home/darlinne.soto/ray_results/convtae_wisdm/my_objective_function_eca9b593_6_down_HL=14,kernel_size=7,latent_dim=80,model_lamda=1.2207,num_CL=8,num_HL=3,opt_lr=0.0000,opt_wd=_2023-09-16_18-12-16"
6,-13.268569718076002,2.5644195079803467,False,1,e0b666d7,2023-09-16_18-12-24,1694887944,2.5644195079803467,66777,84233402a856,172.17.0.2,2.5644195079803467,1,9,4,20,1.9728356296910057,6,3,0.0001037584775900034,2.7484586584807122e-08,17,74,"/home/darlinne.soto/ray_results/convtae_wisdm/my_objective_function_e0b666d7_7_down_HL=9,kernel_size=4,latent_dim=20,model_lamda=1.9728,num_CL=6,num_HL=3,opt_lr=0.0001,opt_wd=0_2023-09-16_18-12-19"
7,-12.203957017307928,2.80564546585083,False,1,977bbe9c,2023-09-16_18-12-27,1694887947,2.80564546585083,66777,84233402a856,172.17.0.2,2.80564546585083,1,12,4,234,0.568414963541851,5,3,5.837654267512954e-06,9.545788748452071e-07,15,143,"/home/darlinne.soto/ray_results/convtae_wisdm/my_objective_function_977bbe9c_8_down_HL=12,kernel_size=4,latent_dim=234,model_lamda=0.5684,num_CL=5,num_HL=3,opt_lr=0.0000,opt_wd_2023-09-16_18-12-21"
8,-16.107736459222604,3.2612829208374023,True,1,532a0e49,2023-09-16_18-12-30,1694887950,3.2612829208374023,66777,84233402a856,172.17.0.2,3.2612829208374023,1,19,8,348,0.055152479206475924,4,5,2.229580878382579e-05,6.240349964291971e-07,8,113,"/home/darlinne.soto/ray_results/convtae_wisdm/my_objective_function_532a0e49_9_down_HL=19,kernel_size=8,latent_dim=348,model_lamda=0.0552,num_CL=4,num_HL=5,opt_lr=0.0000,opt_wd_2023-09-16_18-12-24"
9,-11.739330331404886,3.103987693786621,False,1,f91966d8,2023-09-16_18-12-33,1694887953,3.103987693786621,66777,84233402a856,172.17.0.2,3.103987693786621,1,15,8,269,0.24767649368608624,4,6,4.42265620577684e-05,9.864700130753137e-07,2,95,"/home/darlinne.soto/ray_results/convtae_wisdm/my_objective_function_f91966d8_10_down_HL=15,kernel_size=8,latent_dim=269,model_lamda=0.2477,num_CL=4,num_HL=6,opt_lr=0.0000,opt_w_2023-09-16_18-12-27"
10,0.704406779661017,8028.936972141266,False,1,9554a010,2023-09-16_20-26-22,1694895982,8028.936972141266,66777,84233402a856,172.17.0.2,8028.936972141266,1,8,9,71,1.0739518783521935,6,2,4.6517276015699997e-05,8.806233538690096e-07,9,149,"/home/darlinne.soto/ray_results/convtae_wisdm/my_objective_function_9554a010_11_down_HL=8,kernel_size=9,latent_dim=71,model_lamda=1.0740,num_CL=6,num_HL=2,opt_lr=0.0000,opt_wd=_2023-09-16_18-12-30"
11,-15.163922885531315,2.963333368301392,True,1,81affbc4,2023-09-16_18-12-49,1694887969,2.963333368301392,87291,84233402a856,172.17.0.2,2.963333368301392,1,9,3,289,0.04874281321520613,2,6,8.638117480807943e-05,2.6354670420212055e-07,23,28,"/home/darlinne.soto/ray_results/convtae_wisdm/my_objective_function_81affbc4_12_down_HL=9,kernel_size=3,latent_dim=289,model_lamda=0.0487,num_CL=2,num_HL=6,opt_lr=0.0001,opt_wd_2023-09-16_18-12-33"
12,0.6616101694915255,1357.8266434669497,False,1,71f58933,2023-09-16_18-35-27,1694889327,1357.8266434669497,87291,84233402a856,172.17.0.2,1357.8266434669497,1,3,8,222,1.9757856550278043,3,2,0.0006026803304592092,2.2315035387285363e-07,28,52,"/home/darlinne.soto/ray_results/convtae_wisdm/my_objective_function_71f58933_13_down_HL=3,kernel_size=8,latent_dim=222,model_lamda=1.9758,num_CL=3,num_HL=2,opt_lr=0.0006,opt_wd_2023-09-16_18-12-46"
13,-15.37188589651197,3.417660713195801,True,1,99e06ea0,2023-09-16_18-13-04,1694887984,3.417660713195801,88684,84233402a856,172.17.0.2,3.417660713195801,1,7,5,149,1.5399509676823837,5,3,4.0466548245172895e-05,4.1552762469614697e-07,27,65,"/home/darlinne.soto/ray_results/convtae_wisdm/my_objective_function_99e06ea0_14_down_HL=7,kernel_size=5,latent_dim=149,model_lamda=1.5400,num_CL=5,num_HL=3,opt_lr=0.0000,opt_wd_2023-09-16_18-12-49"
14,-11.765098185681996,3.0305871963500977,False,1,38b13e1e,2023-09-16_18-13-08,1694887988,3.0305871963500977,88684,84233402a856,172.17.0.2,3.0305871963500977,1,8,9,272,1.4580705207389981,5,3,7.889843883945238e-05,9.156169678574387e-07,14,46,"/home/darlinne.soto/ray_results/convtae_wisdm/my_objective_function_38b13e1e_15_down_HL=8,kernel_size=9,latent_dim=272,model_lamda=1.4581,num_CL=5,num_HL=3,opt_lr=0.0001,opt_wd_2023-09-16_18-13-01"
15,-12.16202850663094,3.15481948852539,False,1,31080218,2023-09-16_18-13-11,1694887991,3.15481948852539,88684,84233402a856,172.17.0.2,3.15481948852539,1,17,8,223,1.2240199471657027,5,6,4.313221036214993e-06,7.847229897317798e-08,31,136,"/home/darlinne.soto/ray_results/convtae_wisdm/my_objective_function_31080218_16_down_HL=17,kernel_size=8,latent_dim=223,model_lamda=1.2240,num_CL=5,num_HL=6,opt_lr=0.0000,opt_w_2023-09-16_18-13-05"
16,-12.899647493196298,3.055916786193848,True,1,bee59688,2023-09-16_18-13-14,1694887994,3.055916786193848,88684,84233402a856,172.17.0.2,3.055916786193848,1,10,9,77,1.0608205761837417,7,3,6.769002232476213e-05,4.4333515021850266e-07,3,34,"/home/darlinne.soto/ray_results/convtae_wisdm/my_objective_function_bee59688_17_down_HL=10,kernel_size=9,latent_dim=77,model_lamda=1.0608,num_CL=7,num_HL=3,opt_lr=0.0001,opt_wd_2023-09-16_18-13-08"
17,-15.619263855956737,3.1777987480163574,True,1,d4354c32,2023-09-16_18-13-17,1694887997,3.1777987480163574,88684,84233402a856,172.17.0.2,3.1777987480163574,1,13,6,164,0.5016399722919689,4,6,0.0003148697054853905,1.9300434499296249e-07,28,58,"/home/darlinne.soto/ray_results/convtae_wisdm/my_objective_function_d4354c32_18_down_HL=13,kernel_size=6,latent_dim=164,model_lamda=0.5016,num_CL=4,num_HL=6,opt_lr=0.0003,opt_w_2023-09-16_18-13-11"
18,-17.238087165858694,3.1425106525421143,True,1,2eeded6e,2023-09-16_18-13-21,1694888001,3.1425106525421143,88684,84233402a856,172.17.0.2,3.1425106525421143,1,11,5,357,0.0887074246892503,6,5,1.7218321764533895e-05,1.914907158497876e-07,32,82,"/home/darlinne.soto/ray_results/convtae_wisdm/my_objective_function_2eeded6e_19_down_HL=11,kernel_size=5,latent_dim=357,model_lamda=0.0887,num_CL=6,num_HL=5,opt_lr=0.0000,opt_w_2023-09-16_18-13-14"
19,-17.954422847704816,3.1859283447265625,True,1,874ebe0d,2023-09-16_18-13-24,1694888004,3.1859283447265625,88684,84233402a856,172.17.0.2,3.1859283447265625,1,8,5,250,0.8969950399812578,3,6,2.5924939456387976e-06,4.05413083993306e-07,5,61,"/home/darlinne.soto/ray_results/convtae_wisdm/my_objective_function_874ebe0d_20_down_HL=8,kernel_size=5,latent_dim=250,model_lamda=0.8970,num_CL=3,num_HL=6,opt_lr=0.0000,opt_wd_2023-09-16_18-13-18"
20,-11.056015927606497,3.066733360290528,False,1,9368ef3b,2023-09-16_18-13-27,1694888007,3.066733360290528,88684,84233402a856,172.17.0.2,3.066733360290528,1,3,9,320,1.6885739495864727,4,8,1.0459611986978281e-05,7.503783768205971e-07,18,47,"/home/darlinne.soto/ray_results/convtae_wisdm/my_objective_function_9368ef3b_21_down_HL=3,kernel_size=9,latent_dim=320,model_lamda=1.6886,num_CL=4,num_HL=8,opt_lr=0.0000,opt_wd_2023-09-16_18-13-21"
21,-15.56578200877769,2.6063592433929443,True,1,42fac771,2023-09-16_18-13-30,1694888010,2.6063592433929443,88684,84233402a856,172.17.0.2,2.6063592433929443,1,1,7,326,0.31010637878172914,2,7,0.0002063550632404265,7.539453372020743e-07,4,118,"/home/darlinne.soto/ray_results/convtae_wisdm/my_objective_function_42fac771_22_down_HL=1,kernel_size=7,latent_dim=326,model_lamda=0.3101,num_CL=2,num_HL=7,opt_lr=0.0002,opt_wd_2023-09-16_18-13-24"
22,-18.84790088919653,2.6363565921783447,True,1,35ed7f95,2023-09-16_18-13-33,1694888013,2.6363565921783447,88684,84233402a856,172.17.0.2,2.6363565921783447,1,3,9,318,1.753013063198099,4,8,9.317295206237404e-06,7.50923898091442e-07,20,20,"/home/darlinne.soto/ray_results/convtae_wisdm/my_objective_function_35ed7f95_23_down_HL=3,kernel_size=9,latent_dim=318,model_lamda=1.7530,num_CL=4,num_HL=8,opt_lr=0.0000,opt_wd_2023-09-16_18-13-27"
23,-18.5799423089109,2.935620784759521,True,1,fe12b537,2023-09-16_18-13-36,1694888016,2.935620784759521,88684,84233402a856,172.17.0.2,2.935620784759521,1,19,6,198,1.748924887859623,4,7,1.1590496930473078e-05,7.736545008036438e-07,19,94,"/home/darlinne.soto/ray_results/convtae_wisdm/my_objective_function_fe12b537_24_down_HL=19,kernel_size=6,latent_dim=198,model_lamda=1.7489,num_CL=4,num_HL=7,opt_lr=0.0000,opt_w_2023-09-16_18-13-30"
24,-10.7787790088263,2.558969020843506,False,1,811bc1fe,2023-09-16_18-13-38,1694888018,2.558969020843506,88684,84233402a856,172.17.0.2,2.558969020843506,1,16,7,323,0.3537344526968673,2,7,1.071991818628669e-05,6.249558284821269e-07,20,82,"/home/darlinne.soto/ray_results/convtae_wisdm/my_objective_function_811bc1fe_25_down_HL=16,kernel_size=7,latent_dim=323,model_lamda=0.3537,num_CL=2,num_HL=7,opt_lr=0.0000,opt_w_2023-09-16_18-13-33"
25,-13.5668017770193,3.084427118301392,True,1,ee188b0c,2023-09-16_18-13-42,1694888022,3.084427118301392,88684,84233402a856,172.17.0.2,3.084427118301392,1,1,8,299,0.7321548270206636,3,8,1.1034004856648582e-06,8.158182253213245e-07,12,107,"/home/darlinne.soto/ray_results/convtae_wisdm/my_objective_function_ee188b0c_26_down_HL=1,kernel_size=8,latent_dim=299,model_lamda=0.7322,num_CL=3,num_HL=8,opt_lr=0.0000,opt_wd_2023-09-16_18-13-36"
26,-18.66262984643071,3.139963388442993,True,1,c96ad5e3,2023-09-16_18-13-45,1694888025,3.139963388442993,88684,84233402a856,172.17.0.2,3.139963388442993,1,4,7,358,1.7659236793568702,2,7,7.020487663129599e-06,6.328865745283968e-07,20,79,"/home/darlinne.soto/ray_results/convtae_wisdm/my_objective_function_c96ad5e3_27_down_HL=4,kernel_size=7,latent_dim=358,model_lamda=1.7659,num_CL=2,num_HL=7,opt_lr=0.0000,opt_wd_2023-09-16_18-13-38"
27,-12.504045285415682,3.034580707550049,False,1,4b7f06f2,2023-09-16_18-13-48,1694888028,3.034580707550049,88684,84233402a856,172.17.0.2,3.034580707550049,1,17,6,329,0.3535577581995941,2,7,1.4161766623577683e-05,6.197977746585895e-07,17,46,"/home/darlinne.soto/ray_results/convtae_wisdm/my_objective_function_4b7f06f2_28_down_HL=17,kernel_size=6,latent_dim=329,model_lamda=0.3536,num_CL=2,num_HL=7,opt_lr=0.0000,opt_w_2023-09-16_18-13-42"
28,0.6198305084745763,8820.236655712128,False,1,03600a4a,2023-09-16_20-40-48,1694896848,8820.236655712128,88684,84233402a856,172.17.0.2,8820.236655712128,1,0,7,190,1.5892060570419855,2,8,2.881148251426061e-06,5.385940336103548e-07,22,74,"/home/darlinne.soto/ray_results/convtae_wisdm/my_objective_function_03600a4a_29_down_HL=0,kernel_size=7,latent_dim=190,model_lamda=1.5892,num_CL=2,num_HL=8,opt_lr=0.0000,opt_wd_2023-09-16_18-13-45"
29,-19.19159897536939,3.1066713333129883,True,1,09b5787b,2023-09-16_18-14-05,1694888045,3.1066713333129883,92805,84233402a856,172.17.0.2,3.1066713333129883,1,17,6,309,1.2622978434385363,3,7,3.916266155567644e-06,6.970563131139127e-07,15,22,"/home/darlinne.soto/ray_results/convtae_wisdm/my_objective_function_09b5787b_30_down_HL=17,kernel_size=6,latent_dim=309,model_lamda=1.2623,num_CL=3,num_HL=7,opt_lr=0.0000,opt_w_2023-09-16_18-13-48"
30,-13.284956553922871,3.9854118824005127,True,1,621d85a6,2023-09-16_18-14-10,1694888050,3.9854118824005127,92805,84233402a856,172.17.0.2,3.9854118824005127,1,5,9,14,0.48352156073714514,7,8,1.6196784645054408e-06,5.749682287971447e-07,26,88,"/home/darlinne.soto/ray_results/convtae_wisdm/my_objective_function_621d85a6_31_down_HL=5,kernel_size=9,latent_dim=14,model_lamda=0.4835,num_CL=7,num_HL=8,opt_lr=0.0000,opt_wd=_2023-09-16_18-14-02"
31,-10.006829342724991,2.8124890327453613,False,1,0e6d409c,2023-09-16_18-14-12,1694888052,2.8124890327453613,92805,84233402a856,172.17.0.2,2.8124890327453613,1,2,3,343,0.857794457828283,6,4,7.818426484677935e-06,6.849835257646029e-07,21,42,"/home/darlinne.soto/ray_results/convtae_wisdm/my_objective_function_0e6d409c_32_down_HL=2,kernel_size=3,latent_dim=343,model_lamda=0.8578,num_CL=6,num_HL=4,opt_lr=0.0000,opt_wd_2023-09-16_18-14-06"
32,-12.627710725057064,2.966772556304932,True,1,3a9bfa9c,2023-09-16_18-14-16,1694888056,2.966772556304932,92805,84233402a856,172.17.0.2,2.966772556304932,1,12,7,111,1.903399452805409,2,7,1.8469984550030254e-05,8.261024108857225e-07,18,53,"/home/darlinne.soto/ray_results/convtae_wisdm/my_objective_function_3a9bfa9c_33_down_HL=12,kernel_size=7,latent_dim=111,model_lamda=1.9034,num_CL=2,num_HL=7,opt_lr=0.0000,opt_w_2023-09-16_18-14-10"
33,-17.14462178450588,3.2344508171081543,True,1,fe4711d9,2023-09-16_18-14-19,1694888059,3.2344508171081543,92805,84233402a856,172.17.0.2,3.2344508171081543,1,16,2,342,0.8288538069340727,8,4,6.739131899643381e-06,6.799823485892576e-07,22,122,"/home/darlinne.soto/ray_results/convtae_wisdm/my_objective_function_fe4711d9_34_down_HL=16,kernel_size=2,latent_dim=342,model_lamda=0.8289,num_CL=8,num_HL=4,opt_lr=0.0000,opt_w_2023-09-16_18-14-13"
34,-10.196536526141513,2.6528446674346924,False,1,da8b614a,2023-09-16_18-14-22,1694888062,2.6528446674346924,92805,84233402a856,172.17.0.2,2.6528446674346924,1,6,3,206,0.6452861712805327,6,4,0.0001557124587102425,4.875203035384415e-07,25,37,"/home/darlinne.soto/ray_results/convtae_wisdm/my_objective_function_da8b614a_35_down_HL=6,kernel_size=3,latent_dim=206,model_lamda=0.6453,num_CL=6,num_HL=4,opt_lr=0.0002,opt_wd_2023-09-16_18-14-16"
35,-11.354136759111793,2.7926602363586426,False,1,ed04cf69,2023-09-16_18-14-25,1694888065,2.7926602363586426,92805,84233402a856,172.17.0.2,2.7926602363586426,1,14,4,169,0.18307825796704877,7,4,1.9992214805583864e-06,3.5730253416292116e-07,29,68,"/home/darlinne.soto/ray_results/convtae_wisdm/my_objective_function_ed04cf69_36_down_HL=14,kernel_size=4,latent_dim=169,model_lamda=0.1831,num_CL=7,num_HL=4,opt_lr=0.0000,opt_w_2023-09-16_18-14-19"
36,-10.55073454054248,3.2262463569641118,False,1,9152edb0,2023-09-16_18-14-28,1694888068,3.2262463569641118,92805,84233402a856,172.17.0.2,3.2262463569641118,1,5,3,137,0.9717881233237625,6,4,0.0001729545757969157,4.790387486774005e-07,25,36,"/home/darlinne.soto/ray_results/convtae_wisdm/my_objective_function_9152edb0_37_down_HL=5,kernel_size=3,latent_dim=137,model_lamda=0.9718,num_CL=6,num_HL=4,opt_lr=0.0002,opt_wd_2023-09-16_18-14-22"
37,-11.64788132849958,3.0724878311157227,False,1,09a37980,2023-09-16_18-14-31,1694888071,3.0724878311157227,92805,84233402a856,172.17.0.2,3.0724878311157227,1,1,2,46,0.6528023166542233,6,4,0.0005510159766662958,3.156757378419525e-07,30,28,"/home/darlinne.soto/ray_results/convtae_wisdm/my_objective_function_09a37980_38_down_HL=1,kernel_size=2,latent_dim=46,model_lamda=0.6528,num_CL=6,num_HL=4,opt_lr=0.0006,opt_wd=_2023-09-16_18-14-25"
38,-13.030553457443965,2.9214091300964355,True,1,25e94222,2023-09-16_18-14-34,1694888074,2.9214091300964355,92805,84233402a856,172.17.0.2,2.9214091300964355,1,6,3,111,1.328407042426011,7,5,0.0001656364054230498,5.503562188875349e-07,24,34,"/home/darlinne.soto/ray_results/convtae_wisdm/my_objective_function_25e94222_39_down_HL=6,kernel_size=3,latent_dim=111,model_lamda=1.3284,num_CL=7,num_HL=5,opt_lr=0.0002,opt_wd_2023-09-16_18-14-28"
39,0.6685593220338982,3016.8939838409424,False,1,cfbf8ce9,2023-09-16_19-04-51,1694891091,3016.8939838409424,92805,84233402a856,172.17.0.2,3016.8939838409424,1,2,2,209,0.758805177731547,8,2,0.0003440307272018903,6.826143193871605e-07,22,43,"/home/darlinne.soto/ray_results/convtae_wisdm/my_objective_function_cfbf8ce9_40_down_HL=2,kernel_size=2,latent_dim=209,model_lamda=0.7588,num_CL=8,num_HL=2,opt_lr=0.0003,opt_wd_2023-09-16_18-14-31"
40,-14.989216346523245,4.092990398406982,True,1,e137ad96,2023-09-16_18-14-53,1694888093,4.092990398406982,94014,84233402a856,172.17.0.2,4.092990398406982,1,5,4,254,0.6248022924121688,6,4,0.0009349544654497897,4.933557999188562e-07,26,24,"/home/darlinne.soto/ray_results/convtae_wisdm/my_objective_function_e137ad96_41_down_HL=5,kernel_size=4,latent_dim=254,model_lamda=0.6248,num_CL=6,num_HL=4,opt_lr=0.0009,opt_wd_2023-09-16_18-14-34"
41,-14.704778943245998,3.100560426712036,True,1,0c544f3f,2023-09-16_18-14-56,1694888096,3.100560426712036,94014,84233402a856,172.17.0.2,3.100560426712036,1,7,3,43,1.1564290286820982,7,5,3.143934060957753e-05,1.1446596683996776e-07,15,41,"/home/darlinne.soto/ray_results/convtae_wisdm/my_objective_function_0c544f3f_42_down_HL=7,kernel_size=3,latent_dim=43,model_lamda=1.1564,num_CL=7,num_HL=5,opt_lr=0.0000,opt_wd=_2023-09-16_18-14-53"
42,0.6849999999999999,4771.454798698425,False,1,89c540dc,2023-09-16_19-34-28,1694892868,4771.454798698425,94014,84233402a856,172.17.0.2,4771.454798698425,1,0,4,281,0.9456285836573092,5,2,0.00014309133995001608,3.772131640978171e-07,12,71,"/home/darlinne.soto/ray_results/convtae_wisdm/my_objective_function_89c540dc_43_down_HL=0,kernel_size=4,latent_dim=281,model_lamda=0.9456,num_CL=5,num_HL=2,opt_lr=0.0001,opt_wd_2023-09-16_18-14-56"
43,0.6729661016949152,1406.693853378296,False,1,2475bab7,2023-09-16_18-58-54,1694890734,1406.693853378296,87291,84233402a856,172.17.0.2,1406.693853378296,1,3,5,236,1.9623198639591355,3,2,0.000814463245660213,2.932387974457685e-07,28,53,"/home/darlinne.soto/ray_results/convtae_wisdm/my_objective_function_2475bab7_44_down_HL=3,kernel_size=5,latent_dim=236,model_lamda=1.9623,num_CL=3,num_HL=2,opt_lr=0.0008,opt_wd_2023-09-16_18-35-27"
44,0.6230508474576272,757.5863726139069,False,1,eac19c97,2023-09-16_19-11-32,1694891492,757.5863726139069,87291,84233402a856,172.17.0.2,757.5863726139069,1,4,5,223,1.9383682578333885,3,2,0.0009115120988511428,2.9739513844465275e-07,31,55,"/home/darlinne.soto/ray_results/convtae_wisdm/my_objective_function_eac19c97_45_down_HL=4,kernel_size=5,latent_dim=223,model_lamda=1.9384,num_CL=3,num_HL=2,opt_lr=0.0009,opt_wd_2023-09-16_18-58-54"
45,0.7191525423728813,2125.9218621253967,False,1,77859b96,2023-09-16_19-40-17,1694893217,2125.9218621253967,92805,84233402a856,172.17.0.2,2125.9218621253967,1,2,2,246,0.7644279925223438,5,2,0.0003037772475890848,1.043256993990325e-08,23,63,"/home/darlinne.soto/ray_results/convtae_wisdm/my_objective_function_77859b96_46_down_HL=2,kernel_size=2,latent_dim=246,model_lamda=0.7644,num_CL=5,num_HL=2,opt_lr=0.0003,opt_wd_2023-09-16_19-04-51"
46,-14.640077877824584,2.611458301544189,True,1,e4ca8992,2023-09-16_19-11-34,1694891494,2.611458301544189,87291,84233402a856,172.17.0.2,2.611458301544189,1,2,4,173,1.3420419179212404,3,3,0.0006367577836279487,1.3240926743055137e-07,28,89,"/home/darlinne.soto/ray_results/convtae_wisdm/my_objective_function_e4ca8992_47_down_HL=2,kernel_size=4,latent_dim=173,model_lamda=1.3420,num_CL=3,num_HL=3,opt_lr=0.0006,opt_wd_2023-09-16_19-11-32"
47,0.695677966101695,3335.952625513077,False,1,7315cd23,2023-09-16_20-07-11,1694894831,3335.952625513077,87291,84233402a856,172.17.0.2,3335.952625513077,1,4,2,157,1.1357730211519752,8,2,0.0004505284577018236,2.6307380896402846e-07,10,27,"/home/darlinne.soto/ray_results/convtae_wisdm/my_objective_function_7315cd23_48_down_HL=4,kernel_size=2,latent_dim=157,model_lamda=1.1358,num_CL=8,num_HL=2,opt_lr=0.0005,opt_wd_2023-09-16_19-11-35"
48,0.6784745762711865,6679.867784500122,False,1,787ff434,2023-09-16_21-25-48,1694899548,6679.867784500122,94014,84233402a856,172.17.0.2,6679.867784500122,1,0,5,280,1.449487319512871,5,2,0.00011609431898048163,7.276209897080136e-08,6,102,"/home/darlinne.soto/ray_results/convtae_wisdm/my_objective_function_787ff434_49_down_HL=0,kernel_size=5,latent_dim=280,model_lamda=1.4495,num_CL=5,num_HL=2,opt_lr=0.0001,opt_wd_2023-09-16_19-34-28"
49,0.6857627118644068,2704.3198788166046,False,1,0eb37a0f,2023-09-16_20-25-22,1694895922,2704.3198788166046,92805,84233402a856,172.17.0.2,2704.3198788166046,1,0,4,250,0.9833791622471467,5,3,0.0002801563365233793,6.528278211595123e-09,12,70,"/home/darlinne.soto/ray_results/convtae_wisdm/my_objective_function_0eb37a0f_50_down_HL=0,kernel_size=4,latent_dim=250,model_lamda=0.9834,num_CL=5,num_HL=3,opt_lr=0.0003,opt_wd_2023-09-16_19-40-17"
50,-18.844198816637512,2.8612582683563232,True,1,a2687652,2023-09-16_20-07-14,1694894834,2.8612582683563232,87291,84233402a856,172.17.0.2,2.8612582683563232,1,7,2,93,0.4443576546665198,8,3,0.00045653963903354467,4.79364022267143e-08,10,62,"/home/darlinne.soto/ray_results/convtae_wisdm/my_objective_function_a2687652_51_down_HL=7,kernel_size=2,latent_dim=93,model_lamda=0.4444,num_CL=8,num_HL=3,opt_lr=0.0005,opt_wd=_2023-09-16_20-07-11"
51,0.7111016949152542,3628.5825073719034,False,1,8ee5e3b7,2023-09-16_21-07-42,1694898462,3628.5825073719034,87291,84233402a856,172.17.0.2,3628.5825073719034,1,9,2,151,0.5626022442667744,8,2,0.0002388922647259852,1.5543402248898295e-07,8,27,"/home/darlinne.soto/ray_results/convtae_wisdm/my_objective_function_8ee5e3b7_52_down_HL=9,kernel_size=2,latent_dim=151,model_lamda=0.5626,num_CL=8,num_HL=2,opt_lr=0.0002,opt_wd_2023-09-16_20-07-14"
52,-14.384021890463234,2.992305994033813,True,1,2c62e88f,2023-09-16_20-25-25,1694895925,2.992305994033813,92805,84233402a856,172.17.0.2,2.992305994033813,1,4,2,124,1.1478304911520048,7,3,6.824777859259625e-05,2.422004899863358e-07,7,140,"/home/darlinne.soto/ray_results/convtae_wisdm/my_objective_function_2c62e88f_53_down_HL=4,kernel_size=2,latent_dim=124,model_lamda=1.1478,num_CL=7,num_HL=3,opt_lr=0.0001,opt_wd_2023-09-16_20-25-22"
53,-11.185219466634347,3.3310391902923584,True,1,c9ce4fac,2023-09-16_20-25-28,1694895928,3.3310391902923584,92805,84233402a856,172.17.0.2,3.3310391902923584,1,11,2,153,1.0511786655939994,8,3,4.9017458234415075e-05,1.8267035941951947e-07,10,61,"/home/darlinne.soto/ray_results/convtae_wisdm/my_objective_function_c9ce4fac_54_down_HL=11,kernel_size=2,latent_dim=153,model_lamda=1.0512,num_CL=8,num_HL=3,opt_lr=0.0000,opt_w_2023-09-16_20-25-25"
54,0.7061864406779661,1904.0877840518951,False,1,7219a4bc,2023-09-16_20-57-13,1694897833,1904.0877840518951,92805,84233402a856,172.17.0.2,1904.0877840518951,1,8,3,62,0.7951200333507883,4,2,0.0004520339719898301,9.718148120044425e-08,14,76,"/home/darlinne.soto/ray_results/convtae_wisdm/my_objective_function_7219a4bc_55_down_HL=8,kernel_size=3,latent_dim=62,model_lamda=0.7951,num_CL=4,num_HL=2,opt_lr=0.0005,opt_wd=_2023-09-16_20-25-29"
55,-15.723229319207288,2.97277307510376,True,1,7f9e040a,2023-09-16_20-26-26,1694895986,2.97277307510376,66777,84233402a856,172.17.0.2,2.97277307510376,1,10,8,4,1.5132453382863469,5,3,2.4587317416195772e-05,9.990263133512569e-07,2,131,"/home/darlinne.soto/ray_results/convtae_wisdm/my_objective_function_7f9e040a_56_down_HL=10,kernel_size=8,latent_dim=4,model_lamda=1.5132,num_CL=5,num_HL=3,opt_lr=0.0000,opt_wd=_2023-09-16_20-26-22"
56,0.6806779661016948,7624.515132665634,False,1,64804997,2023-09-16_22-33-30,1694903610,7624.515132665634,66777,84233402a856,172.17.0.2,7624.515132665634,1,11,6,38,1.3468529278459904,6,2,4.965294409486395e-05,9.365861821637759e-07,13,108,"/home/darlinne.soto/ray_results/convtae_wisdm/my_objective_function_64804997_57_down_HL=11,kernel_size=6,latent_dim=38,model_lamda=1.3469,num_CL=6,num_HL=2,opt_lr=0.0000,opt_wd_2023-09-16_20-26-26"
57,-15.896541791600066,2.4068922996521,True,1,b3bdaaa3,2023-09-16_20-40-51,1694896851,2.4068922996521,88684,84233402a856,172.17.0.2,2.4068922996521,1,13,8,184,1.6275674878747526,5,5,3.7918948703815036e-05,8.898328855541716e-07,4,124,"/home/darlinne.soto/ray_results/convtae_wisdm/my_objective_function_b3bdaaa3_58_down_HL=13,kernel_size=8,latent_dim=184,model_lamda=1.6276,num_CL=5,num_HL=5,opt_lr=0.0000,opt_w_2023-09-16_20-40-48"
58,-19.346160421929607,2.681715726852417,True,1,cdde17e5,2023-09-16_20-40-54,1694896854,2.681715726852417,88684,84233402a856,172.17.0.2,2.681715726852417,1,9,9,76,0.17718113628012655,6,6,6.217446311568807e-05,9.738148015606324e-07,16,94,"/home/darlinne.soto/ray_results/convtae_wisdm/my_objective_function_cdde17e5_59_down_HL=9,kernel_size=9,latent_dim=76,model_lamda=0.1772,num_CL=6,num_HL=6,opt_lr=0.0001,opt_wd=_2023-09-16_20-40-51"
59,-12.284585392834202,3.012065887451172,True,1,7b6f1e4b,2023-09-16_20-40-57,1694896857,3.012065887451172,88684,84233402a856,172.17.0.2,3.012065887451172,1,8,6,139,0.018725924026995244,4,3,0.00023560466265372656,8.581543741521228e-07,18,146,"/home/darlinne.soto/ray_results/convtae_wisdm/my_objective_function_7b6f1e4b_60_down_HL=8,kernel_size=6,latent_dim=139,model_lamda=0.0187,num_CL=4,num_HL=3,opt_lr=0.0002,opt_wd_2023-09-16_20-40-54"
60,0.7369491525423728,711.0934400558472,False,1,7318ede4,2023-09-16_20-52-48,1694897568,711.0934400558472,88684,84233402a856,172.17.0.2,711.0934400558472,1,18,9,92,0.4092426357525771,5,2,8.988027494968853e-05,7.898034775854122e-07,9,115,"/home/darlinne.soto/ray_results/convtae_wisdm/my_objective_function_7318ede4_61_down_HL=18,kernel_size=9,latent_dim=92,model_lamda=0.4092,num_CL=5,num_HL=2,opt_lr=0.0001,opt_wd_2023-09-16_20-40-57"
61,-16.18042974670856,2.9823474884033203,True,1,3122708b,2023-09-16_20-52-51,1694897571,2.9823474884033203,88684,84233402a856,172.17.0.2,2.9823474884033203,1,18,8,91,0.2800183991258828,4,3,0.00010996407380441536,4.316690719430166e-07,6,112,"/home/darlinne.soto/ray_results/convtae_wisdm/my_objective_function_3122708b_62_down_HL=18,kernel_size=8,latent_dim=91,model_lamda=0.2800,num_CL=4,num_HL=3,opt_lr=0.0001,opt_wd_2023-09-16_20-52-48"
62,0.6913559322033899,4048.789099931717,False,1,42d03958,2023-09-16_22-00-20,1694901620,4048.789099931717,88684,84233402a856,172.17.0.2,4048.789099931717,1,14,7,58,0.5596147422910815,4,2,8.840298638476819e-05,7.187271940069994e-07,16,102,"/home/darlinne.soto/ray_results/convtae_wisdm/my_objective_function_42d03958_63_down_HL=14,kernel_size=7,latent_dim=58,model_lamda=0.5596,num_CL=4,num_HL=2,opt_lr=0.0001,opt_wd_2023-09-16_20-52-51"
63,-11.08919694549708,3.2636196613311768,True,1,ae0307d8,2023-09-16_20-57-16,1694897836,3.2636196613311768,92805,84233402a856,172.17.0.2,3.2636196613311768,1,18,5,28,0.40219702614915204,5,4,2.0603967841854545e-05,8.096467890308927e-07,23,115,"/home/darlinne.soto/ray_results/convtae_wisdm/my_objective_function_ae0307d8_64_down_HL=18,kernel_size=5,latent_dim=28,model_lamda=0.4022,num_CL=5,num_HL=4,opt_lr=0.0000,opt_wd_2023-09-16_20-57-13"
64,-19.196385549817983,3.0007882118225098,True,1,4beb59c1,2023-09-16_20-57-19,1694897839,3.0007882118225098,92805,84233402a856,172.17.0.2,3.0007882118225098,1,15,9,125,0.13678537105594035,5,5,0.00011951237509894849,5.986664885759296e-07,19,131,"/home/darlinne.soto/ray_results/convtae_wisdm/my_objective_function_4beb59c1_65_down_HL=15,kernel_size=9,latent_dim=125,model_lamda=0.1368,num_CL=5,num_HL=5,opt_lr=0.0001,opt_w_2023-09-16_20-57-16"
65,0.7282203389830508,1518.5749003887177,False,1,de958934,2023-09-16_21-22-38,1694899358,1518.5749003887177,92805,84233402a856,172.17.0.2,1518.5749003887177,1,12,3,69,0.7799659889150411,4,2,0.0003778449659455041,1.2394426609204196e-08,14,77,"/home/darlinne.soto/ray_results/convtae_wisdm/my_objective_function_de958934_66_down_HL=12,kernel_size=3,latent_dim=69,model_lamda=0.7800,num_CL=4,num_HL=2,opt_lr=0.0004,opt_wd_2023-09-16_20-57-19"
66,0.7210169491525423,4734.294389009476,False,1,9d28e7a2,2023-09-16_22-26-37,1694903197,4734.294389009476,87291,84233402a856,172.17.0.2,4734.294389009476,1,13,2,88,0.5667181661255165,6,2,0.0007013121318334694,1.531648223676379e-07,7,88,"/home/darlinne.soto/ray_results/convtae_wisdm/my_objective_function_9d28e7a2_67_down_HL=13,kernel_size=2,latent_dim=88,model_lamda=0.5667,num_CL=6,num_HL=2,opt_lr=0.0007,opt_wd_2023-09-16_21-07-43"
67,0.743728813559322,2034.7182004451752,False,1,a863ae17,2023-09-16_21-56-33,1694901393,2034.7182004451752,92805,84233402a856,172.17.0.2,2034.7182004451752,1,12,3,107,0.9145693880708751,4,2,0.00019863423963280215,1.1467615384520523e-08,11,80,"/home/darlinne.soto/ray_results/convtae_wisdm/my_objective_function_a863ae17_68_down_HL=12,kernel_size=3,latent_dim=107,model_lamda=0.9146,num_CL=4,num_HL=2,opt_lr=0.0002,opt_w_2023-09-16_21-22-38"
68,0.6338983050847458,1649.7222754955292,False,1,e772f6ad,2023-09-16_21-53-18,1694901198,1649.7222754955292,94014,84233402a856,172.17.0.2,1649.7222754955292,1,16,3,6,0.49378020281642904,5,2,0.0003825887241060342,5.082712442711926e-08,14,92,"/home/darlinne.soto/ray_results/convtae_wisdm/my_objective_function_e772f6ad_69_down_HL=16,kernel_size=3,latent_dim=6,model_lamda=0.4938,num_CL=5,num_HL=2,opt_lr=0.0004,opt_wd=_2023-09-16_21-25-48"
69,-12.769679076284968,3.132140636444092,True,1,506811e9,2023-09-16_21-53-21,1694901201,3.132140636444092,94014,84233402a856,172.17.0.2,3.132140636444092,1,15,4,64,0.7144889739342006,4,3,0.0002794812720968681,2.190272202095046e-07,9,98,"/home/darlinne.soto/ray_results/convtae_wisdm/my_objective_function_506811e9_70_down_HL=15,kernel_size=4,latent_dim=64,model_lamda=0.7145,num_CL=4,num_HL=3,opt_lr=0.0003,opt_wd_2023-09-16_21-53-18"
70,-10.402461134436791,3.068854808807373,True,1,487cb593,2023-09-16_21-53-24,1694901204,3.068854808807373,94014,84233402a856,172.17.0.2,3.068854808807373,1,18,3,260,0.8706376900804766,4,3,8.728472985046187e-05,6.507063994574715e-07,13,85,"/home/darlinne.soto/ray_results/convtae_wisdm/my_objective_function_487cb593_71_down_HL=18,kernel_size=3,latent_dim=260,model_lamda=0.8706,num_CL=4,num_HL=3,opt_lr=0.0001,opt_w_2023-09-16_21-53-21"
71,0.7366101694915254,2386.670999288559,False,1,a6ea447f,2023-09-16_22-33-11,1694903591,2386.670999288559,94014,84233402a856,172.17.0.2,2386.670999288559,1,11,2,235,0.2349682424737124,5,2,0.00013583365845308524,3.8945890588623977e-07,19,64,"/home/darlinne.soto/ray_results/convtae_wisdm/my_objective_function_a6ea447f_72_down_HL=11,kernel_size=2,latent_dim=235,model_lamda=0.2350,num_CL=5,num_HL=2,opt_lr=0.0001,opt_w_2023-09-16_21-53-24"
72,0.7140677966101695,3260.5841863155365,False,1,fccdaafb,2023-09-16_22-50-54,1694904654,3260.5841863155365,92805,84233402a856,172.17.0.2,3260.5841863155365,1,12,4,107,0.9205413008350392,3,2,0.00019425703616260932,3.395800375911444e-07,11,80,"/home/darlinne.soto/ray_results/convtae_wisdm/my_objective_function_fccdaafb_73_down_HL=12,kernel_size=4,latent_dim=107,model_lamda=0.9205,num_CL=3,num_HL=2,opt_lr=0.0002,opt_w_2023-09-16_21-56-33"
73,-19.390480645546656,3.138849258422852,True,1,b98bfab2,2023-09-16_22-00-23,1694901623,3.138849258422852,88684,84233402a856,172.17.0.2,3.138849258422852,1,14,3,25,0.39384412981320915,4,3,6.096903182178812e-05,9.089613342326085e-07,11,106,"/home/darlinne.soto/ray_results/convtae_wisdm/my_objective_function_b98bfab2_74_down_HL=14,kernel_size=3,latent_dim=25,model_lamda=0.3938,num_CL=4,num_HL=3,opt_lr=0.0001,opt_wd_2023-09-16_22-00-20"
74,-18.42101375875607,3.4046151638031006,True,1,b5ea05ac,2023-09-16_22-00-27,1694901627,3.4046151638031006,88684,84233402a856,172.17.0.2,3.4046151638031006,1,19,4,121,0.6133333537836396,3,4,0.0002142666952642231,8.372314593453155e-07,8,120,"/home/darlinne.soto/ray_results/convtae_wisdm/my_objective_function_b5ea05ac_75_down_HL=19,kernel_size=4,latent_dim=121,model_lamda=0.6133,num_CL=3,num_HL=4,opt_lr=0.0002,opt_w_2023-09-16_22-00-24"
75,-17.334406590733995,3.4737966060638428,True,1,f7d8dc17,2023-09-16_22-00-31,1694901631,3.4737966060638428,88684,84233402a856,172.17.0.2,3.4737966060638428,1,10,5,54,1.250726490562456,4,3,9.540514867301417e-05,4.578566247347184e-07,3,76,"/home/darlinne.soto/ray_results/convtae_wisdm/my_objective_function_f7d8dc17_76_down_HL=10,kernel_size=5,latent_dim=54,model_lamda=1.2507,num_CL=4,num_HL=3,opt_lr=0.0001,opt_wd_2023-09-16_22-00-27"
76,0.6858474576271186,8790.609540462494,False,1,9f07b6da,2023-09-17_00-27-02,1694910422,8790.609540462494,88684,84233402a856,172.17.0.2,8790.609540462494,1,12,3,101,0.6856985516289539,3,2,4.019376639030453e-05,7.89217262058664e-07,5,97,"/home/darlinne.soto/ray_results/convtae_wisdm/my_objective_function_9f07b6da_77_down_HL=12,kernel_size=3,latent_dim=101,model_lamda=0.6857,num_CL=3,num_HL=2,opt_lr=0.0000,opt_w_2023-09-16_22-00-31"
77,0.666271186440678,11051.562335014343,False,1,600ea805,2023-09-17_01-30-49,1694914249,11051.562335014343,87291,84233402a856,172.17.0.2,11051.562335014343,1,13,4,83,1.0290691484776273,3,2,1.5149260394954038e-05,3.429511322766802e-08,11,111,"/home/darlinne.soto/ray_results/convtae_wisdm/my_objective_function_600ea805_78_down_HL=13,kernel_size=4,latent_dim=83,model_lamda=1.0291,num_CL=3,num_HL=2,opt_lr=0.0000,opt_wd_2023-09-16_22-26-37"
78,-19.841479842930703,2.36059045791626,True,1,7971d5d3,2023-09-16_22-33-14,1694903594,2.36059045791626,94014,84233402a856,172.17.0.2,2.36059045791626,1,11,6,195,0.23409977842183188,5,4,0.00013118739730407487,5.244059011388269e-07,16,85,"/home/darlinne.soto/ray_results/convtae_wisdm/my_objective_function_7971d5d3_79_down_HL=11,kernel_size=6,latent_dim=195,model_lamda=0.2341,num_CL=5,num_HL=4,opt_lr=0.0001,opt_w_2023-09-16_22-33-11"
79,-10.552928862768898,2.934343814849853,True,1,1ebfa447,2023-09-16_22-33-17,1694903597,2.934343814849853,94014,84233402a856,172.17.0.2,2.934343814849853,1,17,2,211,0.04992924375598068,6,6,7.395630909588911e-05,3.928942017664384e-07,17,57,"/home/darlinne.soto/ray_results/convtae_wisdm/my_objective_function_1ebfa447_80_down_HL=17,kernel_size=2,latent_dim=211,model_lamda=0.0499,num_CL=6,num_HL=6,opt_lr=0.0001,opt_w_2023-09-16_22-33-14"
80,0.716864406779661,5326.147654294968,False,1,0e986c5b,2023-09-17_00-02-03,1694908923,5326.147654294968,94014,84233402a856,172.17.0.2,5326.147654294968,1,14,7,178,0.10810968064456267,5,2,3.098223629912617e-05,5.712576787199316e-07,21,50,"/home/darlinne.soto/ray_results/convtae_wisdm/my_objective_function_0e986c5b_81_down_HL=14,kernel_size=7,latent_dim=178,model_lamda=0.1081,num_CL=5,num_HL=2,opt_lr=0.0000,opt_w_2023-09-16_22-33-17"
81,-17.55806694379233,2.9273786544799805,True,1,1966369f,2023-09-16_22-33-33,1694903613,2.9273786544799805,66777,84233402a856,172.17.0.2,2.9273786544799805,1,16,2,141,0.33672873422426763,5,3,0.0001862730256972203,7.217707201213141e-07,13,67,"/home/darlinne.soto/ray_results/convtae_wisdm/my_objective_function_1966369f_82_down_HL=16,kernel_size=2,latent_dim=141,model_lamda=0.3367,num_CL=5,num_HL=3,opt_lr=0.0002,opt_w_2023-09-16_22-33-30"
82,0.7705932203389831,3587.8868956565857,False,1,aa9155c8,2023-09-16_23-33-21,1694907201,3587.8868956565857,66777,84233402a856,172.17.0.2,3587.8868956565857,1,10,3,162,0.2647339620209235,6,2,0.00013571652527948988,5.178927242026203e-07,19,72,"/home/darlinne.soto/ray_results/convtae_wisdm/my_objective_function_aa9155c8_83_down_HL=10,kernel_size=3,latent_dim=162,model_lamda=0.2647,num_CL=6,num_HL=2,opt_lr=0.0001,opt_w_2023-09-16_22-33-34"
83,-19.46937930996588,3.218623399734497,True,1,ed1ff698,2023-09-16_22-50-57,1694904657,3.218623399734497,92805,84233402a856,172.17.0.2,3.218623399734497,1,15,2,220,0.009073939271493692,4,4,5.29931875835206e-05,4.625724068527467e-07,7,125,"/home/darlinne.soto/ray_results/convtae_wisdm/my_objective_function_ed1ff698_84_down_HL=15,kernel_size=2,latent_dim=220,model_lamda=0.0091,num_CL=4,num_HL=4,opt_lr=0.0001,opt_w_2023-09-16_22-50-54"
84,-13.9780545856691,3.307569026947021,True,1,d5150592,2023-09-16_22-51-01,1694904661,3.307569026947021,92805,84233402a856,172.17.0.2,3.307569026947021,1,6,8,238,0.43816172626970956,5,3,0.00015591421043476992,6.484625711640878e-07,15,138,"/home/darlinne.soto/ray_results/convtae_wisdm/my_objective_function_d5150592_85_down_HL=6,kernel_size=8,latent_dim=238,model_lamda=0.4382,num_CL=5,num_HL=3,opt_lr=0.0002,opt_wd_2023-09-16_22-50-57"
85,0.6832203389830509,1560.3915588855743,False,1,6060ccf9,2023-09-16_23-17-01,1694906221,1560.3915588855743,92805,84233402a856,172.17.0.2,1560.3915588855743,1,9,5,130,0.17774058226821887,7,2,0.000502751793162121,7.760018733030862e-07,9,49,"/home/darlinne.soto/ray_results/convtae_wisdm/my_objective_function_6060ccf9_86_down_HL=9,kernel_size=5,latent_dim=130,model_lamda=0.1777,num_CL=7,num_HL=2,opt_lr=0.0005,opt_wd_2023-09-16_22-51-01"
86,-10.302497465178448,2.9963417053222656,True,1,ea055e93,2023-09-16_23-17-04,1694906224,2.9963417053222656,92805,84233402a856,172.17.0.2,2.9963417053222656,1,7,3,305,1.091996868530646,6,3,3.7605944185720226e-05,5.931134896522425e-07,21,65,"/home/darlinne.soto/ray_results/convtae_wisdm/my_objective_function_ea055e93_87_down_HL=7,kernel_size=3,latent_dim=305,model_lamda=1.0920,num_CL=6,num_HL=3,opt_lr=0.0000,opt_wd_2023-09-16_23-17-01"
87,0.7399152542372881,762.6149413585663,False,1,6205459f,2023-09-16_23-29-47,1694906987,762.6149413585663,92805,84233402a856,172.17.0.2,762.6149413585663,1,19,2,98,1.1964647226092375,4,2,2.7288032998726063e-05,2.7964046772865616e-07,9,117,"/home/darlinne.soto/ray_results/convtae_wisdm/my_objective_function_6205459f_88_down_HL=19,kernel_size=2,latent_dim=98,model_lamda=1.1965,num_CL=4,num_HL=2,opt_lr=0.0000,opt_wd_2023-09-16_23-17-04"
88,-16.670138612999047,3.0875906944274902,True,1,e30f4a44,2023-09-16_23-29-51,1694906991,3.0875906944274902,92805,84233402a856,172.17.0.2,3.0875906944274902,1,19,7,116,1.2873079632841438,2,6,2.669930721888244e-05,3.610970092234916e-07,4,118,"/home/darlinne.soto/ray_results/convtae_wisdm/my_objective_function_e30f4a44_89_down_HL=19,kernel_size=7,latent_dim=116,model_lamda=1.2873,num_CL=2,num_HL=6,opt_lr=0.0000,opt_w_2023-09-16_23-29-47"
89,-15.031900250583972,3.168263435363769,True,1,acf485ab,2023-09-16_23-29-54,1694906994,3.168263435363769,92805,84233402a856,172.17.0.2,3.168263435363769,1,18,4,48,1.8305551399131386,4,3,5.13591380373624e-06,2.8013303769125905e-07,6,148,"/home/darlinne.soto/ray_results/convtae_wisdm/my_objective_function_acf485ab_90_down_HL=18,kernel_size=4,latent_dim=48,model_lamda=1.8306,num_CL=4,num_HL=3,opt_lr=0.0000,opt_wd_2023-09-16_23-29-51"
90,-15.722229465445013,3.1466572284698486,True,1,13e6c281,2023-09-16_23-29-57,1694906997,3.1466572284698486,92805,84233402a856,172.17.0.2,3.1466572284698486,1,17,6,100,1.1960203090232218,3,4,1.2774181300643953e-05,3.258388238826364e-07,5,133,"/home/darlinne.soto/ray_results/convtae_wisdm/my_objective_function_13e6c281_91_down_HL=17,kernel_size=6,latent_dim=100,model_lamda=1.1960,num_CL=3,num_HL=4,opt_lr=0.0000,opt_w_2023-09-16_23-29-54"
91,-11.44531159346722,2.5051488876342773,True,1,7aaf5a50,2023-09-16_23-30-00,1694907000,2.5051488876342773,92805,84233402a856,172.17.0.2,2.5051488876342773,1,17,3,18,1.4169643097389306,2,5,9.197396207491371e-06,2.422168257804925e-07,3,105,"/home/darlinne.soto/ray_results/convtae_wisdm/my_objective_function_7aaf5a50_92_down_HL=17,kernel_size=3,latent_dim=18,model_lamda=1.4170,num_CL=2,num_HL=5,opt_lr=0.0000,opt_wd_2023-09-16_23-29-57"
92,0.6984745762711865,6915.024485111237,False,1,1447342b,2023-09-17_01-25-15,1694913915,6915.024485111237,92805,84233402a856,172.17.0.2,6915.024485111237,1,15,5,76,1.550136226107584,4,2,5.771022568770986e-05,1.9413487566159958e-07,8,142,"/home/darlinne.soto/ray_results/convtae_wisdm/my_objective_function_1447342b_93_down_HL=15,kernel_size=5,latent_dim=76,model_lamda=1.5501,num_CL=4,num_HL=2,opt_lr=0.0001,opt_wd_2023-09-16_23-30-00"
93,-15.357946808552285,2.82918381690979,True,1,4301d690,2023-09-16_23-33-24,1694907204,2.82918381690979,66777,84233402a856,172.17.0.2,2.82918381690979,1,10,3,164,1.7023474443876636,7,3,2.0266197083644098e-05,4.111109332509112e-07,10,72,"/home/darlinne.soto/ray_results/convtae_wisdm/my_objective_function_4301d690_94_down_HL=10,kernel_size=3,latent_dim=164,model_lamda=1.7023,num_CL=7,num_HL=3,opt_lr=0.0000,opt_w_2023-09-16_23-33-22"
94,0.7146610169491525,39064.91794610024,False,1,4a65d8e7,2023-09-17_10-24-30,1694946270,39064.91794610024,66777,84233402a856,172.17.0.2,39064.91794610024,1,8,2,187,1.1877123698678322,6,2,1.715340924852467e-05,5.055721617364845e-07,15,100,"/home/darlinne.soto/ray_results/convtae_wisdm/my_objective_function_4a65d8e7_95_down_HL=8,kernel_size=2,latent_dim=187,model_lamda=1.1877,num_CL=6,num_HL=2,opt_lr=0.0000,opt_wd_2023-09-16_23-33-25"
95,-10.238016532852544,3.09520959854126,True,1,04929333,2023-09-17_00-02-06,1694908926,3.09520959854126,94014,84233402a856,172.17.0.2,3.09520959854126,1,5,3,201,1.489122381049853,3,4,3.6312916779193963e-06,4.376907251638777e-07,17,59,"/home/darlinne.soto/ray_results/convtae_wisdm/my_objective_function_04929333_96_down_HL=5,kernel_size=3,latent_dim=201,model_lamda=1.4891,num_CL=3,num_HL=4,opt_lr=0.0000,opt_wd_2023-09-17_00-02-03"
96,0.687542372881356,9567.254493236542,False,1,19a92b68,2023-09-17_02-41-34,1694918494,9567.254493236542,94014,84233402a856,172.17.0.2,9567.254493236542,1,9,4,135,1.382420390229857,7,2,2.7360608502687656e-05,9.632105763204725e-08,20,81,"/home/darlinne.soto/ray_results/convtae_wisdm/my_objective_function_19a92b68_97_down_HL=9,kernel_size=4,latent_dim=135,model_lamda=1.3824,num_CL=7,num_HL=2,opt_lr=0.0000,opt_wd_2023-09-17_00-02-06"
97,-16.34695622443228,3.479060173034668,True,1,b99c0873,2023-09-17_00-27-05,1694910425,3.479060173034668,88684,84233402a856,172.17.0.2,3.479060173034668,1,13,2,145,1.102148857214006,6,3,3.44897480978137e-05,5.180589993989131e-07,24,91,"/home/darlinne.soto/ray_results/convtae_wisdm/my_objective_function_b99c0873_98_down_HL=13,kernel_size=2,latent_dim=145,model_lamda=1.1021,num_CL=6,num_HL=3,opt_lr=0.0000,opt_w_2023-09-17_00-27-02"
98,0.7342372881355932,1366.4830977916718,False,1,15ec6f9a,2023-09-17_00-49-52,1694911792,1366.4830977916718,88684,84233402a856,172.17.0.2,1366.4830977916718,1,11,3,162,1.012713899882708,3,2,7.896177797960887e-05,5.497840089457297e-07,12,110,"/home/darlinne.soto/ray_results/convtae_wisdm/my_objective_function_15ec6f9a_99_down_HL=11,kernel_size=3,latent_dim=162,model_lamda=1.0127,num_CL=3,num_HL=2,opt_lr=0.0001,opt_w_2023-09-17_00-27-05"
99,-15.030615377363546,3.4199583530426025,True,1,2d8e9558,2023-09-17_00-49-56,1694911796,3.4199583530426025,88684,84233402a856,172.17.0.2,3.4199583530426025,1,7,4,172,0.8302754100933276,2,8,0.0002453756164909349,1.3360721191315238e-07,18,84,"/home/darlinne.soto/ray_results/convtae_wisdm/my_objective_function_2d8e9558_100_down_HL=7,kernel_size=4,latent_dim=172,model_lamda=0.8303,num_CL=2,num_HL=8,opt_lr=0.0002,opt_w_2023-09-17_00-49-52"
100,-19.78478702117249,3.5044074058532715,True,1,25b7c724,2023-09-17_00-49-59,1694911799,3.5044074058532715,88684,84233402a856,172.17.0.2,3.5044074058532715,1,8,2,33,1.6508333090394576,4,5,4.499473511184456e-05,3.0310430553051924e-07,13,69,"/home/darlinne.soto/ray_results/convtae_wisdm/my_objective_function_25b7c724_101_down_HL=8,kernel_size=2,latent_dim=33,model_lamda=1.6508,num_CL=4,num_HL=5,opt_lr=0.0000,opt_wd_2023-09-17_00-49-56"
101,0.7287288135593221,8054.457474470139,False,1,90b641cd,2023-09-17_03-04-14,1694919854,8054.457474470139,88684,84233402a856,172.17.0.2,8054.457474470139,1,10,2,156,1.8246795259282633,6,2,0.00010361416216168005,2.664118780374193e-07,25,78,"/home/darlinne.soto/ray_results/convtae_wisdm/my_objective_function_90b641cd_102_down_HL=10,kernel_size=2,latent_dim=156,model_lamda=1.8247,num_CL=6,num_HL=2,opt_lr=0.0001,opt__2023-09-17_00-49-59"
102,-18.912927800045125,2.9742536544799805,True,1,b35ee953,2023-09-17_01-25-18,1694913918,2.9742536544799805,92805,84233402a856,172.17.0.2,2.9742536544799805,1,12,3,114,0.9556963252760963,4,4,2.3529107244876877e-05,2.0860380119983934e-07,27,73,"/home/darlinne.soto/ray_results/convtae_wisdm/my_objective_function_b35ee953_103_down_HL=12,kernel_size=3,latent_dim=114,model_lamda=0.9557,num_CL=4,num_HL=4,opt_lr=0.0000,opt__2023-09-17_01-25-15"
103,-10.728204059139555,2.84899640083313,True,1,ee352a05,2023-09-17_01-25-21,1694913921,2.84899640083313,92805,84233402a856,172.17.0.2,2.84899640083313,1,6,3,147,1.5940098887107723,7,7,8.550045230022132e-06,6.03977625984697e-08,16,104,"/home/darlinne.soto/ray_results/convtae_wisdm/my_objective_function_ee352a05_104_down_HL=6,kernel_size=3,latent_dim=147,model_lamda=1.5940,num_CL=7,num_HL=7,opt_lr=0.0000,opt_w_2023-09-17_01-25-18"
104,-17.12779876652298,3.050343513488769,True,1,4b66831c,2023-09-17_01-25-25,1694913925,3.050343513488769,92805,84233402a856,172.17.0.2,3.050343513488769,1,9,4,70,1.2337482702485283,4,3,0.0008235655378018632,1.623511978385748e-07,18,127,"/home/darlinne.soto/ray_results/convtae_wisdm/my_objective_function_4b66831c_105_down_HL=9,kernel_size=4,latent_dim=70,model_lamda=1.2337,num_CL=4,num_HL=3,opt_lr=0.0008,opt_wd_2023-09-17_01-25-22"
105,0.6458474576271186,40454.96793460846,True,1,06ba914f,2023-09-17_12-39-40,1694954380,40454.96793460846,92805,84233402a856,172.17.0.2,40454.96793460846,1,14,2,131,1.2973009834948628,5,2,6.666428408166692e-06,3.699475175928152e-07,12,39,"/home/darlinne.soto/ray_results/convtae_wisdm/my_objective_function_06ba914f_106_down_HL=14,kernel_size=2,latent_dim=131,model_lamda=1.2973,num_CL=5,num_HL=2,opt_lr=0.0000,opt__2023-09-17_01-25-25"
106,-13.55259741913105,3.210059404373169,True,1,7a90860b,2023-09-17_01-30-52,1694914252,3.210059404373169,87291,84233402a856,172.17.0.2,3.210059404373169,1,16,3,216,0.8877104217516394,6,3,0.0003306246972119207,2.477448689863066e-07,11,87,"/home/darlinne.soto/ray_results/convtae_wisdm/my_objective_function_7a90860b_107_down_HL=16,kernel_size=3,latent_dim=216,model_lamda=0.8877,num_CL=6,num_HL=3,opt_lr=0.0003,opt__2023-09-17_01-30-49"
107,0.673728813559322,1762.089940071106,False,1,d6ea71c0,2023-09-17_02-00-14,1694916014,1762.089940071106,87291,84233402a856,172.17.0.2,1762.089940071106,1,7,4,180,0.8216767411525094,3,2,0.00039060391710393603,3.4448352199613244e-07,19,32,"/home/darlinne.soto/ray_results/convtae_wisdm/my_objective_function_d6ea71c0_108_down_HL=7,kernel_size=4,latent_dim=180,model_lamda=0.8217,num_CL=3,num_HL=2,opt_lr=0.0004,opt_w_2023-09-17_01-30-52"
108,0.6717796610169491,13335.966619968414,False,1,f9b1a6b1,2023-09-17_05-42-30,1694929350,13335.966619968414,87291,84233402a856,172.17.0.2,13335.966619968414,1,12,2,105,0.7193873782052831,2,2,1.4582351120147754e-06,4.822081792087144e-07,22,44,"/home/darlinne.soto/ray_results/convtae_wisdm/my_objective_function_f9b1a6b1_109_down_HL=12,kernel_size=2,latent_dim=105,model_lamda=0.7194,num_CL=2,num_HL=2,opt_lr=0.0000,opt__2023-09-17_02-00-14"
109,-16.3266489768635,2.9749596118927,True,1,d751ce63,2023-09-17_02-41-37,1694918497,2.9749596118927,94014,84233402a856,172.17.0.2,2.9749596118927,1,13,5,82,1.4391307381282372,5,4,1.1046873042069443e-05,6.040595664206462e-07,10,93,"/home/darlinne.soto/ray_results/convtae_wisdm/my_objective_function_d751ce63_110_down_HL=13,kernel_size=5,latent_dim=82,model_lamda=1.4391,num_CL=5,num_HL=4,opt_lr=0.0000,opt_w_2023-09-17_02-41-34"
110,-12.916181074812258,3.0028231143951416,True,1,a333ba91,2023-09-17_02-41-40,1694918500,3.0028231143951416,94014,84233402a856,172.17.0.2,3.0028231143951416,1,19,3,54,0.5372292634742787,4,3,6.966618339187323e-05,5.711947365945785e-07,14,99,"/home/darlinne.soto/ray_results/convtae_wisdm/my_objective_function_a333ba91_111_down_HL=19,kernel_size=3,latent_dim=54,model_lamda=0.5372,num_CL=4,num_HL=3,opt_lr=0.0001,opt_w_2023-09-17_02-41-37"
111,-18.655720835083397,2.9094061851501465,True,1,0883aa51,2023-09-17_02-41-43,1694918503,2.9094061851501465,94014,84233402a856,172.17.0.2,2.9094061851501465,1,10,2,98,0.619519662103181,7,6,0.0002652753206594305,8.468293307281388e-08,6,56,"/home/darlinne.soto/ray_results/convtae_wisdm/my_objective_function_0883aa51_112_down_HL=10,kernel_size=2,latent_dim=98,model_lamda=0.6195,num_CL=7,num_HL=6,opt_lr=0.0003,opt_w_2023-09-17_02-41-40"
112,0.7325423728813558,1298.7297675609589,False,1,6c06f3d5,2023-09-17_03-03-22,1694919802,1298.7297675609589,94014,84233402a856,172.17.0.2,1298.7297675609589,1,5,4,123,1.0572324620646398,3,2,0.000988935741119492,4.228416168437112e-07,8,90,"/home/darlinne.soto/ray_results/convtae_wisdm/my_objective_function_6c06f3d5_113_down_HL=5,kernel_size=4,latent_dim=123,model_lamda=1.0572,num_CL=3,num_HL=2,opt_lr=0.0010,opt_w_2023-09-17_02-41-43"
113,-17.348277231464387,3.0314700603485107,True,1,da50abbc,2023-09-17_03-03-25,1694919805,3.0314700603485107,94014,84233402a856,172.17.0.2,3.0314700603485107,1,11,5,14,0.2838641989372618,6,3,0.0001278272033934592,4.5777536764619317e-07,2,95,"/home/darlinne.soto/ray_results/convtae_wisdm/my_objective_function_da50abbc_114_down_HL=11,kernel_size=5,latent_dim=14,model_lamda=0.2839,num_CL=6,num_HL=3,opt_lr=0.0001,opt_w_2023-09-17_03-03-22"
114,-18.80933419281252,2.904041290283203,True,1,c12a2784,2023-09-17_03-03-28,1694919808,2.904041290283203,94014,84233402a856,172.17.0.2,2.904041290283203,1,16,3,225,1.3867595052129962,5,4,1.4302565440426878e-05,6.634321417450161e-07,20,115,"/home/darlinne.soto/ray_results/convtae_wisdm/my_objective_function_c12a2784_115_down_HL=16,kernel_size=3,latent_dim=225,model_lamda=1.3868,num_CL=5,num_HL=4,opt_lr=0.0000,opt__2023-09-17_03-03-25"
115,-15.869927533655517,2.35988450050354,True,1,ee5a3676,2023-09-17_03-03-31,1694919811,2.35988450050354,94014,84233402a856,172.17.0.2,2.35988450050354,1,3,2,43,1.1148687421091654,3,3,0.0006421713477389763,7.067923435484564e-07,5,75,"/home/darlinne.soto/ray_results/convtae_wisdm/my_objective_function_ee5a3676_116_down_HL=3,kernel_size=2,latent_dim=43,model_lamda=1.1149,num_CL=3,num_HL=3,opt_lr=0.0006,opt_wd_2023-09-17_03-03-28"
116,-19.69931985644017,2.99745512008667,True,1,6b153361,2023-09-17_03-03-34,1694919814,2.99745512008667,94014,84233402a856,172.17.0.2,2.99745512008667,1,6,4,262,0.9172855525853211,4,5,0.00015160159551161792,1.2179398548447316e-07,7,59,"/home/darlinne.soto/ray_results/convtae_wisdm/my_objective_function_6b153361_117_down_HL=6,kernel_size=4,latent_dim=262,model_lamda=0.9173,num_CL=4,num_HL=5,opt_lr=0.0002,opt_w_2023-09-17_03-03-31"
117,0.6932203389830509,11755.78731250763,False,1,a2fe242f,2023-09-17_06-19-30,1694931570,11755.78731250763,94014,84233402a856,172.17.0.2,11755.78731250763,1,14,2,193,1.1801712345497626,6,2,0.00021342787524248236,1.769053907158957e-07,4,135,"/home/darlinne.soto/ray_results/convtae_wisdm/my_objective_function_a2fe242f_118_down_HL=14,kernel_size=2,latent_dim=193,model_lamda=1.1802,num_CL=6,num_HL=2,opt_lr=0.0002,opt__2023-09-17_03-03-34"
118,0.6766949152542372,24273.84764266014,False,1,328da996,2023-09-17_09-48-48,1694944128,24273.84764266014,88684,84233402a856,172.17.0.2,24273.84764266014,1,15,6,204,0.5252985383460094,4,2,2.0475124290116856e-06,3.1334579347141054e-07,23,84,"/home/darlinne.soto/ray_results/convtae_wisdm/my_objective_function_328da996_119_down_HL=15,kernel_size=6,latent_dim=204,model_lamda=0.5253,num_CL=4,num_HL=2,opt_lr=0.0000,opt__2023-09-17_03-04-14"
119,-18.623917882401464,2.593087911605835,True,1,656bc9ad,2023-09-17_05-42-33,1694929353,2.593087911605835,87291,84233402a856,172.17.0.2,2.593087911605835,1,9,3,87,1.8971349696903934,5,7,0.0005639365677855334,3.29634840424656e-08,29,121,"/home/darlinne.soto/ray_results/convtae_wisdm/my_objective_function_656bc9ad_120_down_HL=9,kernel_size=3,latent_dim=87,model_lamda=1.8971,num_CL=5,num_HL=7,opt_lr=0.0006,opt_wd_2023-09-17_05-42-31"
120,-12.700819210573446,3.0173938274383545,True,1,a2c39213,2023-09-17_05-42-36,1694929356,3.0173938274383545,87291,84233402a856,172.17.0.2,3.0173938274383545,1,12,5,164,0.6888046025829542,5,3,0.00018010567192704177,7.389132700748778e-07,21,54,"/home/darlinne.soto/ray_results/convtae_wisdm/my_objective_function_a2c39213_121_down_HL=12,kernel_size=5,latent_dim=164,model_lamda=0.6888,num_CL=5,num_HL=3,opt_lr=0.0002,opt__2023-09-17_05-42-33"
121,-11.885851950955947,3.251847267150879,True,1,c910da57,2023-09-17_05-42-40,1694929360,3.251847267150879,87291,84233402a856,172.17.0.2,3.251847267150879,1,13,4,95,1.548183763900002,2,6,3.2972080280861884e-06,2.830431944203033e-07,13,102,"/home/darlinne.soto/ray_results/convtae_wisdm/my_objective_function_c910da57_122_down_HL=13,kernel_size=4,latent_dim=95,model_lamda=1.5482,num_CL=2,num_HL=6,opt_lr=0.0000,opt_w_2023-09-17_05-42-37"
122,-12.05348616236452,2.5780813694000244,True,1,81fb81bc,2023-09-17_05-42-43,1694929363,2.5780813694000244,87291,84233402a856,172.17.0.2,2.5780813694000244,1,8,2,66,1.3230296752577173,8,3,5.519544495492704e-05,3.803228226187476e-07,16,67,"/home/darlinne.soto/ray_results/convtae_wisdm/my_objective_function_81fb81bc_123_down_HL=8,kernel_size=2,latent_dim=66,model_lamda=1.3230,num_CL=8,num_HL=3,opt_lr=0.0001,opt_wd_2023-09-17_05-42-40"
123,-10.079602786336446,2.786985397338867,True,1,bf63c337,2023-09-17_06-19-33,1694931573,2.786985397338867,94014,84233402a856,172.17.0.2,2.786985397338867,1,11,4,141,1.4814302543759001,4,4,0.0001018089605479491,5.322078773631093e-07,11,108,"/home/darlinne.soto/ray_results/convtae_wisdm/my_objective_function_bf63c337_125_down_HL=11,kernel_size=4,latent_dim=141,model_lamda=1.4814,num_CL=4,num_HL=4,opt_lr=0.0001,opt__2023-09-17_06-19-30"
124,0.680677966101695,1353.6691553592682,False,1,045c9bf9,2023-09-17_06-42-07,1694932927,1353.6691553592682,94014,84233402a856,172.17.0.2,1353.6691553592682,1,4,2,244,0.3680790047285949,7,2,0.0007426598502831547,2.179078439170087e-07,9,51,"/home/darlinne.soto/ray_results/convtae_wisdm/my_objective_function_045c9bf9_126_down_HL=4,kernel_size=2,latent_dim=244,model_lamda=0.3681,num_CL=7,num_HL=2,opt_lr=0.0007,opt_w_2023-09-17_06-19-33"
125,-12.256214080362708,3.202716112136841,True,1,7caf2020,2023-09-17_09-48-51,1694944131,3.202716112136841,88684,84233402a856,172.17.0.2,3.202716112136841,1,8,3,290,0.9844538437233754,5,3,1.647501637320126e-05,6.229771901764728e-07,14,96,"/home/darlinne.soto/ray_results/convtae_wisdm/my_objective_function_7caf2020_128_down_HL=8,kernel_size=3,latent_dim=290,model_lamda=0.9845,num_CL=5,num_HL=3,opt_lr=0.0000,opt_w_2023-09-17_09-48-48"
126,-12.744838801885695,3.046755790710449,True,1,8b77e37b,2023-09-17_09-48-55,1694944135,3.046755790710449,88684,84233402a856,172.17.0.2,3.046755790710449,1,13,4,110,1.6950638487640743,2,5,4.2593341408684096e-05,3.996570151325867e-07,15,79,"/home/darlinne.soto/ray_results/convtae_wisdm/my_objective_function_8b77e37b_129_down_HL=13,kernel_size=4,latent_dim=110,model_lamda=1.6951,num_CL=2,num_HL=5,opt_lr=0.0000,opt__2023-09-17_09-48-52"
127,0.693135593220339,2853.0415937900543,False,1,69687b73,2023-09-17_10-36-28,1694946988,2853.0415937900543,88684,84233402a856,172.17.0.2,2853.0415937900543,1,18,2,128,0.5935217389907651,3,2,3.211290419506543e-05,3.310550274405137e-07,26,71,"/home/darlinne.soto/ray_results/convtae_wisdm/my_objective_function_69687b73_130_down_HL=18,kernel_size=2,latent_dim=128,model_lamda=0.5935,num_CL=3,num_HL=2,opt_lr=0.0000,opt__2023-09-17_09-48-55"
128,-14.442455754290554,2.774907350540161,True,1,ecd3a282,2023-09-17_10-24-33,1694946273,2.774907350540161,66777,84233402a856,172.17.0.2,2.774907350540161,1,7,6,3,1.7735386250228666,5,3,7.896065745843985e-05,1.3873202520315356e-07,3,118,"/home/darlinne.soto/ray_results/convtae_wisdm/my_objective_function_ecd3a282_131_down_HL=7,kernel_size=6,latent_dim=3,model_lamda=1.7735,num_CL=5,num_HL=3,opt_lr=0.0001,opt_wd=_2023-09-17_10-24-30"
129,-11.471870304807146,2.407310009002685,True,1,645b6598,2023-09-17_10-24-35,1694946275,2.407310009002685,66777,84233402a856,172.17.0.2,2.407310009002685,1,15,5,187,0.14647307015524452,4,4,5.599578938856152e-06,1.1180307515423646e-07,17,82,"/home/darlinne.soto/ray_results/convtae_wisdm/my_objective_function_645b6598_132_down_HL=15,kernel_size=5,latent_dim=187,model_lamda=0.1465,num_CL=4,num_HL=4,opt_lr=0.0000,opt__2023-09-17_10-24-33"
130,-16.07244515522422,2.4508848190307617,True,1,b9373405,2023-09-17_10-24-38,1694946278,2.4508848190307617,66777,84233402a856,172.17.0.2,2.4508848190307617,1,17,2,35,0.6700366101373091,6,8,2.0657491600645085e-05,4.658026744986779e-07,7,62,"/home/darlinne.soto/ray_results/convtae_wisdm/my_objective_function_b9373405_133_down_HL=17,kernel_size=2,latent_dim=35,model_lamda=0.6700,num_CL=6,num_HL=8,opt_lr=0.0000,opt_w_2023-09-17_10-24-35"
131,0.7302542372881355,1429.1966784000397,False,1,a5d41c57,2023-09-17_10-48-27,1694947707,1429.1966784000397,66777,84233402a856,172.17.0.2,1429.1966784000397,1,3,3,152,1.0295548058811448,3,2,0.0004963705866530582,2.6307296242584553e-07,10,86,"/home/darlinne.soto/ray_results/convtae_wisdm/my_objective_function_a5d41c57_134_down_HL=3,kernel_size=3,latent_dim=152,model_lamda=1.0296,num_CL=3,num_HL=2,opt_lr=0.0005,opt_w_2023-09-17_10-24-38"
132,-17.829185569499344,3.565081834793091,True,1,0e12bd16,2023-09-17_10-36-32,1694946992,3.565081834793091,88684,84233402a856,172.17.0.2,3.565081834793091,1,14,2,26,0.8581863267789384,8,3,0.000299415403915224,5.474278444977966e-07,8,113,"/home/darlinne.soto/ray_results/convtae_wisdm/my_objective_function_0e12bd16_135_down_HL=14,kernel_size=2,latent_dim=26,model_lamda=0.8582,num_CL=8,num_HL=3,opt_lr=0.0003,opt_w_2023-09-17_10-36-28"
133,0.7203389830508475,7101.97825884819,False,1,29c608b7,2023-09-17_12-34-54,1694954094,7101.97825884819,88684,84233402a856,172.17.0.2,7101.97825884819,1,7,4,79,1.9916405449695078,7,2,4.864239065468393e-05,6.708675756747736e-07,13,124,"/home/darlinne.soto/ray_results/convtae_wisdm/my_objective_function_29c608b7_136_down_HL=7,kernel_size=4,latent_dim=79,model_lamda=1.9916,num_CL=7,num_HL=2,opt_lr=0.0000,opt_wd_2023-09-17_10-36-32"
134,-11.910965356692762,2.937251329421997,True,1,16ddc1bb,2023-09-17_10-48-30,1694947710,2.937251329421997,66777,84233402a856,172.17.0.2,2.937251329421997,1,10,3,160,0.20437439311456487,4,4,6.461639226974612e-05,2.0192914836826434e-07,17,129,"/home/darlinne.soto/ray_results/convtae_wisdm/my_objective_function_16ddc1bb_137_down_HL=10,kernel_size=3,latent_dim=160,model_lamda=0.2044,num_CL=4,num_HL=4,opt_lr=0.0001,opt__2023-09-17_10-48-27"
135,-14.940059022509407,3.0096631050109863,True,1,dfa64a0e,2023-09-17_10-48-34,1694947714,3.0096631050109863,66777,84233402a856,172.17.0.2,3.0096631050109863,1,11,5,227,0.7568093217354015,5,3,0.000118386269063868,5.819137375445033e-07,24,104,"/home/darlinne.soto/ray_results/convtae_wisdm/my_objective_function_dfa64a0e_138_down_HL=11,kernel_size=5,latent_dim=227,model_lamda=0.7568,num_CL=5,num_HL=3,opt_lr=0.0001,opt__2023-09-17_10-48-31"
136,0.7221186440677967,3581.1443631649017,False,1,567634e5,2023-09-17_11-48-15,1694951295,3581.1443631649017,66777,84233402a856,172.17.0.2,3581.1443631649017,1,9,3,48,0.323221813862704,6,2,1.0059976882317006e-06,3.473150120534585e-07,18,21,"/home/darlinne.soto/ray_results/convtae_wisdm/my_objective_function_567634e5_139_down_HL=9,kernel_size=3,latent_dim=48,model_lamda=0.3232,num_CL=6,num_HL=2,opt_lr=0.0000,opt_wd_2023-09-17_10-48-34"
137,-15.903554099228629,3.0316264629364014,True,1,4165083e,2023-09-17_11-48-18,1694951298,3.0316264629364014,66777,84233402a856,172.17.0.2,3.0316264629364014,1,16,2,61,1.266719703797922,4,5,0.00016588711729201934,4.335411411726414e-07,19,89,"/home/darlinne.soto/ray_results/convtae_wisdm/my_objective_function_4165083e_140_down_HL=16,kernel_size=2,latent_dim=61,model_lamda=1.2667,num_CL=4,num_HL=5,opt_lr=0.0002,opt_w_2023-09-17_11-48-15"
138,-19.78211470563551,2.994067907333374,True,1,4398faf7,2023-09-17_11-48-21,1694951301,2.994067907333374,66777,84233402a856,172.17.0.2,2.994067907333374,1,5,4,104,1.1393347959783813,3,7,2.6353162644688167e-05,9.66631555040647e-07,20,30,"/home/darlinne.soto/ray_results/convtae_wisdm/my_objective_function_4398faf7_141_down_HL=5,kernel_size=4,latent_dim=104,model_lamda=1.1393,num_CL=3,num_HL=7,opt_lr=0.0000,opt_w_2023-09-17_11-48-18"
139,-11.91752418525329,2.9081642627716064,True,1,aedcdcc3,2023-09-17_11-48-25,1694951305,2.9081642627716064,66777,84233402a856,172.17.0.2,2.9081642627716064,1,6,3,137,0.7956094053019169,5,3,0.0004118148585007997,1.733085099207294e-07,6,74,"/home/darlinne.soto/ray_results/convtae_wisdm/my_objective_function_aedcdcc3_142_down_HL=6,kernel_size=3,latent_dim=137,model_lamda=0.7956,num_CL=5,num_HL=3,opt_lr=0.0004,opt_w_2023-09-17_11-48-22"
140,0.7126271186440678,1200.6458852291107,False,1,90c076a5,2023-09-17_12-54-55,1694955295,1200.6458852291107,88684,84233402a856,172.17.0.2,1200.6458852291107,1,13,5,212,0.9589335599810376,3,2,0.00023864998468539473,5.139026562905593e-07,12,140,"/home/darlinne.soto/ray_results/convtae_wisdm/my_objective_function_90c076a5_144_down_HL=13,kernel_size=5,latent_dim=212,model_lamda=0.9589,num_CL=3,num_HL=2,opt_lr=0.0002,opt__2023-09-17_12-34-54"
141,-11.520498065104992,3.0491628646850586,True,1,e7ce63d5,2023-09-17_12-39-43,1694954383,3.0491628646850586,92805,84233402a856,172.17.0.2,3.0491628646850586,1,12,7,332,1.6296300868642526,6,3,3.680419176874169e-05,5.624725106020041e-07,32,92,"/home/darlinne.soto/ray_results/convtae_wisdm/my_objective_function_e7ce63d5_145_down_HL=12,kernel_size=7,latent_dim=332,model_lamda=1.6296,num_CL=6,num_HL=3,opt_lr=0.0000,opt__2023-09-17_12-39-40"
142,0.7183898305084746,1079.8908474445343,False,1,8b767c0a,2023-09-17_12-57-43,1694955463,1079.8908474445343,92805,84233402a856,172.17.0.2,1079.8908474445343,1,18,9,73,0.2851278524817228,5,2,9.637248659078269e-05,8.55726068550365e-07,5,110,"/home/darlinne.soto/ray_results/convtae_wisdm/my_objective_function_8b767c0a_146_down_HL=18,kernel_size=9,latent_dim=73,model_lamda=0.2851,num_CL=5,num_HL=2,opt_lr=0.0001,opt_w_2023-09-17_12-39-43"
143,0.7226271186440678,3678.751592636109,False,1,a7db1727,2023-09-17_13-56-14,1694958974,3678.751592636109,88684,84233402a856,172.17.0.2,3678.751592636109,1,17,8,89,0.00815601664498311,5,2,8.213849099293354e-05,9.984541150934895e-07,2,126,"/home/darlinne.soto/ray_results/convtae_wisdm/my_objective_function_a7db1727_147_down_HL=17,kernel_size=8,latent_dim=89,model_lamda=0.0082,num_CL=5,num_HL=2,opt_lr=0.0001,opt_w_2023-09-17_12-54-55"
144,0.7,2041.7667615413663,False,1,0264ab13,2023-09-17_13-31-45,1694957505,2041.7667615413663,92805,84233402a856,172.17.0.2,2041.7667615413663,1,16,9,119,0.41165844250240125,4,2,0.0001295824132316819,8.045030394705426e-07,11,116,"/home/darlinne.soto/ray_results/convtae_wisdm/my_objective_function_0264ab13_148_down_HL=16,kernel_size=9,latent_dim=119,model_lamda=0.4117,num_CL=4,num_HL=2,opt_lr=0.0001,opt__2023-09-17_12-57-43"
145,0.6827966101694916,2837.466931581497,False,1,64952bca,2023-09-17_14-19-03,1694960343,2837.466931581497,92805,84233402a856,172.17.0.2,2837.466931581497,1,15,8,96,0.08185393375082028,5,2,0.0002030264081091855,9.195511850487024e-07,7,129,"/home/darlinne.soto/ray_results/convtae_wisdm/my_objective_function_64952bca_149_down_HL=15,kernel_size=8,latent_dim=96,model_lamda=0.0819,num_CL=5,num_HL=2,opt_lr=0.0002,opt_w_2023-09-17_13-31-45"
146,0.6477966101694916,2230.673556089401,True,1,846eeb31,2023-09-17_14-33-24,1694961204,2230.673556089401,88684,84233402a856,172.17.0.2,2230.673556089401,1,18,7,146,0.5133771015417683,4,2,8.913389914024613e-05,8.759408402840893e-07,14,136,"/home/darlinne.soto/ray_results/convtae_wisdm/my_objective_function_846eeb31_150_down_HL=18,kernel_size=7,latent_dim=146,model_lamda=0.5134,num_CL=4,num_HL=2,opt_lr=0.0001,opt__2023-09-17_13-56-14"
147,0.7055932203389832,1454.1024577617643,False,1,5d753228,2023-09-17_14-43-17,1694961797,1454.1024577617643,92805,84233402a856,172.17.0.2,1454.1024577617643,1,17,8,111,0.24775593107898508,6,2,5.866487081969327e-05,7.521494949561349e-07,8,99,"/home/darlinne.soto/ray_results/convtae_wisdm/my_objective_function_5d753228_151_down_HL=17,kernel_size=8,latent_dim=111,model_lamda=0.2478,num_CL=6,num_HL=2,opt_lr=0.0001,opt__2023-09-17_14-19-03"
148,-18.74851922323916,2.964538097381592,True,1,e435c2e1,2023-09-17_14-33-28,1694961208,2.964538097381592,88684,84233402a856,172.17.0.2,2.964538097381592,1,14,6,53,0.46732734302694945,5,3,2.8461576385346946e-05,8.42482272735216e-07,10,122,"/home/darlinne.soto/ray_results/convtae_wisdm/my_objective_function_e435c2e1_152_down_HL=14,kernel_size=6,latent_dim=53,model_lamda=0.4673,num_CL=5,num_HL=3,opt_lr=0.0000,opt_w_2023-09-17_14-33-25"
149,0.6861016949152543,8012.39932847023,False,1,2ba62d67,2023-09-17_16-47-00,1694969220,8012.39932847023,88684,84233402a856,172.17.0.2,8012.39932847023,1,19,9,129,0.38494198831046067,6,2,0.0001092884844652358,6.966409566450189e-07,11,107,"/home/darlinne.soto/ray_results/convtae_wisdm/my_objective_function_2ba62d67_153_down_HL=19,kernel_size=9,latent_dim=129,model_lamda=0.3849,num_CL=6,num_HL=2,opt_lr=0.0001,opt__2023-09-17_14-33-28"
150,-11.788185966877766,2.9203648567199707,True,1,02d28e47,2023-09-17_14-43-20,1694961800,2.9203648567199707,92805,84233402a856,172.17.0.2,2.9203648567199707,1,19,2,80,0.12505713829141313,4,3,0.0001489458652065281,9.023790780555524e-07,9,118,"/home/darlinne.soto/ray_results/convtae_wisdm/my_objective_function_02d28e47_154_down_HL=19,kernel_size=2,latent_dim=80,model_lamda=0.1251,num_CL=4,num_HL=3,opt_lr=0.0001,opt_w_2023-09-17_14-43-17"
151,-16.951327177810363,3.032308340072632,True,1,ae0440d7,2023-09-17_16-47-03,1694969223,3.032308340072632,88684,84233402a856,172.17.0.2,3.032308340072632,1,16,2,68,1.217664477280797,4,3,0.00034557948628669444,7.939752847047069e-07,16,113,"/home/darlinne.soto/ray_results/convtae_wisdm/my_objective_function_ae0440d7_156_down_HL=16,kernel_size=2,latent_dim=68,model_lamda=1.2177,num_CL=4,num_HL=3,opt_lr=0.0003,opt_w_2023-09-17_16-47-00"
152,0.7017796610169491,3510.926647424698,False,1,c567982a,2023-09-17_17-45-35,1694972735,3510.926647424698,88684,84233402a856,172.17.0.2,3510.926647424698,1,18,7,85,0.04557278265458298,5,2,0.00017575565754954998,7.209627440870437e-08,13,95,"/home/darlinne.soto/ray_results/convtae_wisdm/my_objective_function_c567982a_157_down_HL=18,kernel_size=7,latent_dim=85,model_lamda=0.0456,num_CL=5,num_HL=2,opt_lr=0.0002,opt_w_2023-09-17_16-47-04"
